Date, Open, High, Low, Close, Volume
11/26/21, 1025, 1025, 1006, 1006, 65600
11/25/21, 1015, 1032, 1015, 1025, 139800
11/24/21, 1012, 1015, 1011, 1011, 3300
11/23/21, 1013, 1014, 1012, 1012, 3500
11/22/21, 1012, 1025, 1010, 1010, 29700
11/19/21, 1005, 1019, 1005, 1012, 7900
11/18/21, 1010, 1010, 1005, 1005, 13000
11/17/21, 1000, 1010, 1000, 1010, 7400
11/16/21, 1005, 1005, 995, 1000, 28100
11/15/21, 1013, 1013, 1000, 1005, 16800
11/12/21, 1015, 1020, 1010, 1013, 12200
11/11/21, 1019, 1021, 1015, 1020, 26600
11/10/21, 1024, 1024, 1005, 1019, 93900
11/09/21, 1025, 1025, 1020, 1024, 38200
11/08/21, 1016, 1025, 1010, 1020, 30700
11/05/21, 1027, 1027, 1010, 1016, 10000
11/04/21, 1010, 1027, 1010, 1021, 10100
11/03/21, 1000, 1010, 995, 1010, 133000
11/02/21, 1020, 1027, 1004, 1005, 75700
11/01/21, 1028, 1028, 1020, 1020, 98700
10/29/21, 1013, 1027, 1011, 1015, 15500
10/28/21, 1020, 1020, 1011, 1011, 14600
10/27/21, 1040, 1040, 1016, 1025, 149100
10/26/21, 1044, 1044, 1030, 1040, 14600
10/25/21, 1045, 1048, 1030, 1030, 11000
10/22/21, 1040, 1046, 1027, 1045, 35500
10/21/21, 1045, 1050, 1040, 1040, 25500
10/19/21, 1050, 1050, 1040, 1045, 21300
10/18/21, 1055, 1055, 1035, 1050, 115900
10/15/21, 1045, 1046, 1028, 1035, 68200
10/14/21, 1025, 1050, 1025, 1045, 79100
10/13/21, 1008, 1025, 1008, 1021, 53500
10/12/21, 1000, 1010, 1000, 1008, 33600
10/11/21, 995, 1010, 995, 1000, 79200
10/08/21, 985, 1000, 985, 995, 170200
10/07/21, 985, 990, 979, 985, 34200
10/06/21, 970, 987, 970, 985, 103000
10/05/21, 960, 978, 960, 965, 130900
10/04/21, 940, 961, 940, 960, 57400
10/01/21, 943, 954, 938, 940, 61800
09/30/21, 927, 948, 927, 943, 35100
09/29/21, 915, 927, 915, 927, 3700
09/28/21, 919, 919, 918, 919, 13300
09/27/21, 920, 926, 919, 919, 11000
09/24/21, 930, 930, 915, 920, 9100
09/23/21, 910, 920, 910, 920, 4600
09/22/21, 905, 910, 905, 908, 50900
09/21/21, 905, 906, 895, 905, 11600
09/20/21, 915, 915, 905, 910, 20400
09/17/21, 915, 920, 914, 915, 17500
09/16/21, 935, 935, 915, 915, 53500
09/15/21, 928, 928, 915, 926, 14700
09/14/21, 912, 928, 912, 928, 25100
09/13/21, 925, 925, 912, 912, 21300
09/10/21, 925, 925, 920, 925, 10000
09/09/21, 925, 925, 910, 910, 8300
09/08/21, 925, 925, 911, 921, 69400
09/07/21, 924, 933, 924, 930, 10700
09/06/21, 923, 925, 923, 924, 27200
09/03/21, 915, 920, 910, 920, 84100
09/02/21, 920, 920, 911, 915, 26800
09/01/21, 920, 923, 910, 918, 18400
08/31/21, 915, 920, 910, 919, 13900
08/30/21, 900, 915, 900, 915, 8300
08/27/21, 910, 910, 895, 900, 21700
08/26/21, 913, 913, 904, 910, 36400
08/25/21, 913, 917, 908, 913, 1800
08/24/21, 909, 916, 908, 908, 47200
08/23/21, 907, 910, 906, 910, 8700
08/20/21, 906, 907, 905, 906, 5700
08/19/21, 910, 915, 901, 906, 40000
08/18/21, 905, 919, 905, 919, 23800
08/16/21, 895, 901, 894, 901, 5700
08/13/21, 896, 900, 895, 895, 99600
08/12/21, 888, 896, 888, 890, 7200
08/10/21, 894, 894, 875, 888, 40700
08/09/21, 902, 902, 885, 885, 86600
08/06/21, 905, 905, 902, 902, 12400
08/05/21, 890, 911, 890, 905, 74600
08/04/21, 895, 902, 887, 890, 96600
08/03/21, 883, 896, 883, 895, 7000
08/02/21, 886, 886, 872, 883, 54000
07/30/21, 890, 897, 885, 886, 24800
07/29/21, 885, 894, 885, 890, 15200
07/28/21, 895, 895, 885, 885, 41400
07/27/21, 906, 906, 890, 895, 26900
07/26/21, 905, 906, 901, 906, 9500
07/23/21, 910, 910, 900, 905, 13800
07/22/21, 902, 910, 900, 910, 19300
07/21/21, 890, 903, 890, 901, 9200
07/19/21, 902, 902, 890, 899, 20800
07/16/21, 895, 905, 895, 902, 13000
07/15/21, 885, 895, 884, 895, 45600
07/14/21, 898, 898, 883, 884, 28500
07/13/21, 902, 903, 890, 898, 43800
07/12/21, 900, 906, 890, 902, 39600
07/09/21, 895, 900, 894, 900, 8800
07/08/21, 902, 902, 895, 895, 37100
07/07/21, 905, 907, 899, 901, 39800
07/06/21, 898, 906, 898, 905, 9000
07/05/21, 911, 911, 898, 898, 48500
07/02/21, 901, 913, 901, 911, 18700
07/01/21, 908, 911, 898, 901, 75600
06/30/21, 895, 905, 895, 905, 10100
06/29/21, 896, 903, 895, 895, 16700
06/28/21, 910, 915, 896, 896, 37700
06/25/21, 916, 920, 910, 910, 14100
06/24/21, 921, 921, 915, 915, 6800
06/23/21, 930, 930, 920, 920, 22600
06/22/21, 911, 929, 911, 929, 8900
06/21/21, 918, 918, 900, 911, 26500
06/18/21, 942, 942, 916, 918, 57900
06/17/21, 946, 946, 933, 942, 22000
06/16/21, 951, 951, 945, 946, 28400
06/15/21, 955, 955, 951, 951, 19000
06/14/21, 960, 960, 951, 955, 33300
06/11/21, 960, 962, 955, 960, 28100
06/10/21, 950, 960, 950, 960, 19400
06/09/21, 950, 954, 948, 950, 13100
06/08/21, 949, 951, 947, 950, 53800
06/07/21, 960, 965, 949, 949, 60400
06/04/21, 955, 970, 955, 957, 105500
06/03/21, 955, 960, 954, 955, 10300
06/02/21, 979, 979, 942, 954, 138800
05/31/21, 920, 940, 920, 940, 29000
05/28/21, 925, 925, 920, 920, 20300
05/27/21, 928, 932, 925, 925, 17700
05/25/21, 915, 950, 914, 914, 156300
05/24/21, 905, 917, 905, 910, 19000
05/21/21, 920, 970, 904, 910, 43300
05/20/21, 900, 916, 900, 916, 28400
05/19/21, 921, 921, 905, 905, 38000
05/18/21, 923, 925, 910, 921, 48700
05/17/21, 950, 950, 920, 923, 48400
05/11/21, 940, 940, 931, 933, 50900
05/10/21, 935, 945, 935, 935, 28500
05/07/21, 945, 945, 925, 935, 24800
05/06/21, 944, 950, 940, 940, 64000
05/05/21, 931, 945, 930, 944, 35900
05/04/21, 939, 940, 930, 930, 77000
05/03/21, 945, 945, 935, 939, 52500
04/30/21, 951, 953, 944, 945, 22600
04/29/21, 951, 952, 935, 951, 39400
04/28/21, 940, 951, 940, 951, 50000
04/27/21, 940, 948, 940, 940, 11400
04/26/21, 950, 955, 944, 946, 43600
04/23/21, 946, 950, 946, 950, 8900
04/22/21, 947, 951, 945, 946, 27200
04/21/21, 945, 950, 941, 947, 13000
04/20/21, 950, 950, 946, 950, 11000
04/19/21, 1000, 1000, 945, 954, 24700
04/16/21, 953, 1000, 953, 956, 9600
04/15/21, 955, 956, 945, 953, 30600
04/14/21, 931, 955, 923, 955, 165800
04/13/21, 935, 935, 925, 931, 46800
04/12/21, 968, 968, 930, 935, 110800
04/09/21, 960, 964, 958, 961, 14200
04/08/21, 940, 958, 940, 958, 39800
04/07/21, 945, 945, 940, 940, 13600
04/06/21, 942, 945, 940, 945, 79700
04/05/21, 940, 952, 940, 942, 75300
04/01/21, 951, 953, 940, 942, 66000
03/31/21, 971, 971, 932, 942, 171900
03/30/21, 980, 980, 960, 971, 168800
03/29/21, 985, 994, 982, 982, 72800
03/26/21, 970, 985, 970, 985, 79000
03/25/21, 970, 979, 962, 970, 129600
03/24/21, 986, 986, 970, 970, 71800
03/23/21, 990, 992, 985, 986, 82400
03/22/21, 996, 1001, 990, 990, 56500
03/19/21, 997, 1000, 995, 996, 145800
03/18/21, 984, 998, 981, 996, 34300
03/17/21, 989, 989, 980, 984, 81500
03/16/21, 991, 992, 985, 989, 48800
03/15/21, 995, 996, 990, 991, 54600
03/12/21, 983, 994, 983, 994, 13200
03/10/21, 972, 983, 972, 980, 18400
03/09/21, 990, 990, 970, 972, 69300
03/08/21, 998, 999, 985, 986, 78600
03/05/21, 998, 998, 985, 994, 122700
03/04/21, 1006, 1006, 994, 998, 20200
03/03/21, 1012, 1012, 1000, 1006, 2511600
03/02/21, 1010, 1015, 1005, 1014, 33900
03/01/21, 988, 1006, 988, 1005, 45100
02/26/21, 1000, 1000, 983, 988, 59800
02/25/21, 998, 1003, 997, 998, 15400
02/24/21, 995, 1000, 993, 998, 11300
02/23/21, 1000, 1002, 995, 995, 8200
02/22/21, 993, 1009, 993, 1000, 11300
02/19/21, 994, 994, 985, 993, 93600
02/18/21, 994, 1001, 994, 994, 15600
02/17/21, 1003, 1007, 992, 994, 53900
02/16/21, 1008, 1008, 993, 1005, 46300
02/15/21, 996, 1010, 996, 1008, 58300
02/11/21, 999, 999, 988, 996, 10900
02/10/21, 994, 999, 994, 999, 10300
02/09/21, 1002, 1015, 994, 994, 89800
02/08/21, 997, 1005, 994, 994, 12800
02/05/21, 993, 993, 982, 993, 21200
02/04/21, 991, 999, 990, 993, 123600
02/03/21, 985, 1000, 985, 991, 25600
02/02/21, 994, 999, 980, 985, 29100
02/01/21, 969, 1000, 931, 1000, 113700
01/29/21, 989, 995, 930, 969, 106800
01/28/21, 1012, 1012, 986, 988, 500800
01/27/21, 1017, 1019, 993, 1012, 39200
01/26/21, 1031, 1037, 1012, 1017, 64400
01/25/21, 1041, 1041, 1002, 1031, 32500
01/22/21, 1057, 1057, 1035, 1040, 11900
01/21/21, 1060, 1067, 1055, 1057, 17100
01/20/21, 1020, 1057, 1020, 1057, 40400
01/19/21, 1030, 1030, 1015, 1020, 16700
01/18/21, 1035, 1035, 1018, 1032, 46100
01/15/21, 1053, 1053, 1033, 1035, 22400
01/14/21, 1040, 1054, 1000, 1053, 39700
01/13/21, 1045, 1053, 1040, 1040, 8900
01/12/21, 1040, 1049, 1040, 1040, 47000
01/11/21, 1023, 1042, 1020, 1040, 89200
01/08/21, 991, 1020, 991, 1020, 70500
01/07/21, 990, 992, 985, 991, 599400
01/06/21, 1007, 1007, 980, 990, 82500
01/05/21, 995, 1050, 995, 1007, 44300
01/04/21, 970, 1010, 966, 1010, 90300
12/30/20, 991, 991, 970, 970, 265100
12/29/20, 998, 1050, 991, 991, 53400
12/28/20, 983, 997, 980, 997, 110600
12/23/20, 986, 986, 957, 983, 205600
12/22/20, 1010, 1010, 985, 985, 91300
12/21/20, 1005, 1011, 1000, 1010, 79200
12/18/20, 1009, 1009, 1000, 1005, 20300
12/17/20, 1011, 1011, 1002, 1011, 139800
12/16/20, 995, 1016, 995, 1011, 64300
12/15/20, 986, 992, 986, 990, 29100
12/14/20, 982, 986, 980, 986, 36600
12/11/20, 980, 982, 976, 976, 120900
12/10/20, 979, 987, 970, 980, 45000
12/08/20, 982, 982, 962, 979, 24500
12/07/20, 958, 982, 958, 982, 22600
12/04/20, 956, 956, 947, 947, 46300
12/03/20, 958, 960, 953, 956, 44700
12/02/20, 950, 959, 950, 958, 20000
12/01/20, 910, 945, 910, 935, 54000
11/30/20, 964, 964, 907, 907, 7602900
11/27/20, 949, 964, 949, 964, 69800
11/26/20, 951, 956, 945, 949, 50500
11/25/20, 953, 956, 948, 948, 109500
11/24/20, 939, 943, 936, 942, 95200
11/23/20, 936, 936, 931, 936, 15100
11/20/20, 935, 935, 921, 930, 14600
11/19/20, 929, 931, 929, 929, 10900
11/18/20, 925, 933, 916, 931, 175200
11/17/20, 913, 933, 913, 925, 2512300
11/16/20, 915, 915, 913, 913, 11200
11/13/20, 900, 906, 894, 900, 101400
11/12/20, 915, 915, 902, 910, 60100
11/11/20, 905, 924, 903, 915, 29900
11/10/20, 887, 905, 887, 905, 27200
11/09/20, 895, 895, 867, 869, 21500
11/06/20, 865, 865, 848, 864, 13100
11/05/20, 823, 865, 823, 865, 196300
11/04/20, 830, 830, 823, 823, 24600
11/03/20, 828, 828, 825, 826, 12900
11/02/20, 824, 824, 815, 818, 3200
10/27/20, 820, 824, 820, 824, 3900
10/26/20, 832, 835, 820, 820, 12300
10/23/20, 824, 829, 820, 820, 9100
10/22/20, 822, 824, 815, 815, 23100
10/21/20, 831, 831, 826, 828, 33400
10/20/20, 830, 831, 825, 831, 19500
10/19/20, 820, 830, 820, 830, 37900
10/16/20, 825, 825, 815, 820, 12700
10/15/20, 823, 836, 822, 822, 27900
10/14/20, 819, 828, 819, 825, 16400
10/13/20, 811, 813, 811, 813, 7900
10/12/20, 811, 817, 811, 811, 12300
10/09/20, 801, 811, 800, 811, 3000
10/08/20, 805, 808, 800, 800, 12500
10/07/20, 803, 809, 796, 809, 10300
10/06/20, 800, 813, 800, 813, 17000
10/05/20, 788, 795, 788, 795, 19600
10/02/20, 790, 790, 778, 788, 30400
10/01/20, 770, 791, 760, 789, 35300
09/30/20, 780, 780, 769, 770, 21700
09/29/20, 796, 797, 778, 782, 97300
09/28/20, 799, 799, 791, 793, 11100
09/25/20, 775, 799, 775, 799, 19500
09/24/20, 786, 786, 771, 775, 37900
09/23/20, 804, 804, 781, 786, 35200
09/22/20, 806, 806, 790, 800, 40600
09/21/20, 818, 820, 800, 806, 23400
09/18/20, 817, 818, 811, 818, 25800
09/17/20, 826, 826, 810, 814, 32600
09/16/20, 850, 850, 820, 830, 166000
09/15/20, 845, 845, 830, 840, 94800
09/14/20, 832, 844, 832, 843, 22500
09/11/20, 804, 827, 785, 827, 535600
09/10/20, 835, 845, 795, 804, 63500
09/09/20, 889, 901, 844, 845, 44000
09/08/20, 889, 900, 889, 889, 6700
09/07/20, 882, 889, 870, 889, 61500
09/04/20, 889, 889, 871, 882, 56900
09/03/20, 900, 900, 885, 889, 53300
09/02/20, 887, 904, 887, 900, 32000
09/01/20, 901, 901, 883, 884, 84800
08/31/20, 902, 904, 900, 901, 37900
08/28/20, 913, 913, 902, 902, 47000
08/27/20, 898, 901, 898, 900, 34800
08/26/20, 900, 905, 900, 901, 21800
08/25/20, 891, 902, 891, 900, 53600
08/24/20, 894, 894, 875, 891, 45900
08/19/20, 900, 900, 893, 893, 16700
08/18/20, 882, 895, 882, 894, 39000
08/14/20, 880, 880, 879, 879, 29800
08/13/20, 885, 885, 876, 880, 67700
08/12/20, 870, 876, 868, 876, 30900
08/11/20, 860, 871, 860, 868, 46000
08/10/20, 860, 860, 857, 857, 4600
08/07/20, 870, 880, 856, 857, 19800
08/06/20, 855, 868, 855, 868, 11300
08/05/20, 850, 859, 850, 850, 15500
08/04/20, 860, 860, 855, 859, 2000
08/03/20, 850, 872, 837, 840, 53100
07/30/20, 842, 850, 840, 850, 27800
07/29/20, 855, 855, 840, 840, 14500
07/28/20, 852, 855, 852, 855, 52700
07/27/20, 850, 852, 847, 850, 83300
07/24/20, 860, 860, 848, 848, 40100
07/23/20, 857, 864, 854, 860, 4900
07/22/20, 860, 860, 854, 854, 28200
07/21/20, 847, 868, 841, 868, 41100
07/20/20, 848, 849, 838, 838, 21800
07/17/20, 849, 850, 848, 848, 71800
07/16/20, 850, 854, 850, 852, 5100
07/15/20, 854, 854, 850, 850, 25900
07/14/20, 850, 850, 848, 850, 5000
07/13/20, 836, 846, 836, 845, 72000
07/10/20, 845, 845, 835, 835, 4200
07/09/20, 846, 853, 845, 845, 8700
07/08/20, 829, 846, 829, 845, 28500
07/07/20, 822, 829, 819, 829, 6600
07/06/20, 827, 827, 819, 822, 16100
07/03/20, 820, 827, 817, 817, 30000
07/02/20, 808, 820, 808, 820, 46100
07/01/20, 810, 810, 804, 804, 43100
06/30/20, 825, 825, 811, 811, 17800
06/29/20, 810, 825, 800, 825, 19200
06/26/20, 815, 815, 802, 810, 10300
06/25/20, 813, 817, 803, 808, 73900
06/24/20, 802, 824, 802, 824, 33800
06/23/20, 806, 806, 797, 797, 13000
06/22/20, 815, 816, 803, 803, 6700
06/19/20, 814, 814, 814, 814, 3500
06/18/20, 822, 822, 818, 819, 6400
06/17/20, 822, 823, 819, 822, 31900
06/16/20, 800, 810, 800, 810, 60100
06/15/20, 803, 804, 786, 793, 35000
06/12/20, 766, 796, 766, 796, 62300
06/11/20, 813, 813, 784, 790, 51800
06/10/20, 822, 825, 797, 805, 25600
06/09/20, 849, 850, 825, 835, 120000
06/08/20, 820, 850, 820, 843, 26000
06/05/20, 795, 818, 795, 818, 34400
06/04/20, 830, 830, 806, 806, 142000
06/03/20, 804, 813, 795, 813, 67600
06/02/20, 764, 802, 764, 798, 23400
05/29/20, 759, 761, 756, 761, 22000
05/28/20, 742, 756, 742, 745, 33100
05/27/20, 725, 730, 725, 729, 29500
05/26/20, 708, 719, 708, 719, 4400
05/20/20, 709, 709, 704, 708, 6800
05/19/20, 722, 722, 719, 719, 6000
05/18/20, 700, 702, 697, 699, 11200
05/15/20, 699, 700, 688, 695, 47400
05/14/20, 709, 714, 698, 698, 555000
05/13/20, 710, 725, 710, 711, 32800
05/12/20, 731, 735, 717, 717, 77800
05/11/20, 727, 738, 727, 738, 13200
05/08/20, 729, 730, 727, 727, 3500
05/06/20, 730, 732, 726, 726, 5500
05/05/20, 740, 740, 730, 730, 15700
05/04/20, 750, 750, 730, 730, 187600
04/30/20, 716, 750, 716, 746, 62500
04/29/20, 717, 717, 712, 716, 68600
04/28/20, 707, 712, 706, 712, 9700
04/27/20, 704, 712, 703, 712, 15300
04/24/20, 721, 721, 708, 708, 21300
04/23/20, 725, 725, 723, 723, 31100
04/22/20, 705, 725, 700, 725, 382000
04/21/20, 714, 721, 700, 705, 10400
04/20/20, 737, 738, 725, 725, 15600
04/17/20, 718, 720, 717, 720, 5700
04/16/20, 726, 726, 699, 699, 31100
04/15/20, 746, 746, 732, 733, 22800
04/14/20, 726, 743, 726, 743, 4100
04/13/20, 734, 742, 733, 742, 12300
04/09/20, 731, 743, 726, 737, 10200
04/08/20, 751, 754, 731, 731, 48300
04/07/20, 795, 796, 761, 767, 37300
04/06/20, 747, 765, 745, 765, 16600
04/03/20, 725, 736, 725, 736, 15800
04/02/20, 713, 722, 713, 717, 7100
04/01/20, 735, 740, 715, 715, 54600
03/31/20, 722, 725, 721, 725, 94400
03/30/20, 744, 744, 692, 692, 86300
03/27/20, 740, 765, 736, 744, 71000
03/26/20, 655, 698, 655, 695, 244200
03/24/20, 628, 648, 605, 615, 116100
03/23/20, 627, 632, 620, 620, 26000
03/20/20, 650, 666, 610, 666, 27800
03/19/20, 668, 668, 655, 655, 88700
03/18/20, 700, 720, 700, 704, 32300
03/17/20, 786, 786, 732, 732, 128700
03/16/20, 837, 837, 779, 786, 58500
03/13/20, 812, 837, 760, 837, 46700
03/12/20, 854, 854, 814, 815, 108900
03/11/20, 888, 888, 859, 859, 40900
03/10/20, 880, 890, 877, 881, 119300
03/09/20, 949, 949, 865, 875, 233900
03/06/20, 942, 943, 930, 942, 34900
03/05/20, 975, 975, 967, 969, 157600
03/04/20, 929, 972, 929, 972, 107800
03/03/20, 917, 948, 917, 948, 106600
03/02/20, 932, 932, 910, 918, 39500
02/28/20, 940, 940, 890, 932, 57600
02/27/20, 961, 963, 936, 940, 62900
02/26/20, 979, 979, 968, 969, 75600
02/25/20, 981, 988, 976, 985, 24600
02/24/20, 991, 993, 981, 981, 29300
02/21/20, 1000, 1000, 1000, 1000, 15500
02/19/20, 1004, 1005, 1000, 1000, 2400
02/18/20, 996, 1003, 996, 1003, 1100
02/17/20, 994, 999, 994, 999, 22300
02/14/20, 1000, 1000, 991, 998, 23200
02/13/20, 1003, 1003, 990, 996, 16500
02/12/20, 1006, 1006, 1003, 1004, 4100
02/11/20, 1011, 1011, 1009, 1009, 1300
02/10/20, 1010, 1012, 1007, 1011, 12700
02/07/20, 1010, 1010, 1010, 1010, 1100
02/06/20, 1020, 1020, 1010, 1010, 1200
02/05/20, 1014, 1014, 1010, 1010, 14100
02/04/20, 1010, 1010, 1007, 1007, 16700
02/03/20, 1000, 1006, 995, 998, 92100
01/31/20, 1020, 1020, 1008, 1008, 61800
01/30/20, 1044, 1044, 1034, 1034, 113700
01/29/20, 1051, 1051, 1044, 1044, 31900
01/28/20, 1037, 1042, 1037, 1042, 3000
01/27/20, 1065, 1065, 1036, 1057, 157100
01/23/20, 1060, 1067, 1060, 1067, 28600
01/22/20, 1053, 1060, 1053, 1060, 700
01/21/20, 1052, 1052, 1052, 1052, 10900
01/20/20, 1070, 1070, 1052, 1052, 36700
01/17/20, 1070, 1070, 1069, 1069, 4000
01/16/20, 1065, 1074, 1065, 1074, 200
01/15/20, 1067, 1080, 1053, 1060, 13300
01/14/20, 1058, 1076, 1058, 1074, 31000
01/13/20, 1053, 1053, 1053, 1053, 19700
01/10/20, 1050, 1051, 1050, 1051, 10400
01/09/20, 1044, 1057, 1044, 1050, 6800
01/08/20, 1050, 1053, 1042, 1042, 9700
01/06/20, 1050, 1057, 1050, 1054, 14700
01/03/20, 1060, 1060, 1045, 1045, 10500
01/02/20, 1055, 1055, 1051, 1051, 17200
12/30/19, 1047, 1047, 1047, 1047, 9500
12/27/19, 1050, 1058, 1047, 1048, 206800
12/26/19, 1050, 1050, 1050, 1050, 200
12/23/19, 1042, 1047, 1042, 1047, 7300
12/20/19, 1052, 1052, 1039, 1039, 8100
12/19/19, 1040, 1052, 1040, 1052, 25500
12/18/19, 1033, 1043, 1033, 1043, 19500
12/17/19, 1042, 1042, 1034, 1034, 1000
12/16/19, 1035, 1044, 1035, 1043, 4400
12/13/19, 1020, 1020, 1020, 1020, 100
12/12/19, 1035, 1035, 1026, 1026, 1000
12/11/19, 1033, 1033, 1033, 1033, 7200
12/06/19, 1016, 1020, 1016, 1020, 25600
12/05/19, 1012, 1012, 1012, 1012, 2200
12/04/19, 1016, 1016, 1012, 1012, 8200
12/03/19, 1014, 1014, 1006, 1006, 3900
12/02/19, 1011, 1011, 1011, 1011, 6500
11/29/19, 991, 998, 990, 990, 6100
11/28/19, 1002, 1002, 986, 986, 35500
11/27/19, 1006, 1007, 997, 1001, 12300
11/26/19, 1013, 1013, 1003, 1006, 17000
11/25/19, 1016, 1016, 1009, 1009, 9000
11/22/19, 1010, 1010, 1010, 1010, 4700
11/19/19, 1020, 1020, 1020, 1020, 4900
11/18/19, 1020, 1020, 1020, 1020, 100
11/15/19, 1010, 1015, 1010, 1015, 31700
11/14/19, 1017, 1017, 1004, 1004, 40000
11/13/19, 1029, 1029, 1019, 1020, 28300
11/12/19, 1024, 1025, 1024, 1025, 7300
11/11/19, 1026, 1027, 1023, 1025, 22300
11/08/19, 1019, 1026, 1019, 1026, 11600
11/07/19, 1028, 1028, 1015, 1021, 10400
11/06/19, 1034, 1039, 1034, 1039, 1400
11/05/19, 1028, 1032, 1028, 1032, 8100
11/04/19, 1035, 1035, 1028, 1028, 3700
11/01/19, 1034, 1035, 1028, 1028, 20800
10/31/19, 1039, 1039, 1037, 1037, 2200
10/30/19, 1040, 1040, 1040, 1040, 900
10/29/19, 1040, 1040, 1040, 1040, 20700
10/28/19, 1042, 1046, 1030, 1040, 8700
10/25/19, 1045, 1052, 1045, 1050, 4900
10/24/19, 1037, 1042, 1037, 1042, 101800
10/23/19, 1019, 1028, 1019, 1021, 15600
10/22/19, 1019, 1019, 1019, 1019, 1000
10/21/19, 1014, 1019, 1011, 1019, 11100
10/18/19, 1017, 1017, 1012, 1017, 1400
10/17/19, 1012, 1012, 1012, 1012, 1000
10/16/19, 1005, 1008, 1005, 1008, 19900
10/15/19, 1000, 1000, 992, 992, 2600
10/14/19, 1004, 1004, 1000, 1000, 1500
10/11/19, 995, 995, 995, 995, 1000
10/10/19, 985, 985, 982, 983, 3500
10/09/19, 987, 987, 986, 986, 3200
10/08/19, 984, 984, 983, 983, 1300
10/07/19, 993, 993, 977, 978, 28600
10/04/19, 990, 990, 979, 988, 7200
10/03/19, 999, 999, 976, 978, 40100
10/02/19, 1008, 1009, 991, 998, 33100
10/01/19, 1015, 1017, 1010, 1010, 55800
09/30/19, 1013, 1015, 1013, 1015, 4600
09/26/19, 1026, 1026, 1026, 1026, 4000
09/25/19, 992, 1007, 992, 1007, 124900
09/24/19, 1015, 1015, 1000, 1000, 22100
09/23/19, 1029, 1029, 1026, 1026, 5300
09/20/19, 1027, 1028, 1027, 1028, 1100
09/19/19, 1021, 1035, 1021, 1035, 1700
09/16/19, 1028, 1029, 1023, 1023, 25400
09/11/19, 1040, 1040, 1040, 1040, 2000
09/10/19, 1039, 1039, 1037, 1037, 1000
09/09/19, 1036, 1036, 1036, 1036, 900
09/06/19, 1026, 1026, 1026, 1026, 100
09/05/19, 1023, 1023, 1023, 1023, 1000
09/04/19, 1021, 1025, 1021, 1023, 400
09/03/19, 1036, 1036, 1024, 1024, 24500
08/30/19, 1034, 1034, 1034, 1034, 400
08/28/19, 1019, 1019, 1019, 1019, 65800
08/26/19, 1016, 1017, 1003, 1003, 28600
08/22/19, 1024, 1024, 1020, 1024, 1900
08/21/19, 1038, 1038, 1038, 1038, 1000
08/20/19, 1038, 1038, 1038, 1038, 300
08/19/19, 1041, 1041, 1030, 1039, 1500
08/16/19, 1025, 1037, 1025, 1037, 600
08/15/19, 1029, 1032, 1028, 1032, 27900
08/14/19, 1033, 1039, 1025, 1039, 6600
08/13/19, 1035, 1035, 1033, 1033, 500
08/12/19, 1049, 1050, 1041, 1041, 1500
08/09/19, 1051, 1051, 1049, 1049, 300
08/08/19, 1042, 1042, 1024, 1024, 23600
08/07/19, 1019, 1036, 1016, 1036, 2000
08/06/19, 1035, 1035, 1003, 1023, 22600
08/05/19, 1048, 1048, 1032, 1035, 17900
08/02/19, 1064, 1067, 1059, 1067, 17800
08/01/19, 1070, 1080, 1070, 1080, 15200
07/31/19, 1070, 1070, 1062, 1070, 98200
07/30/19, 1070, 1078, 1070, 1078, 6400
07/29/19, 1073, 1073, 1068, 1070, 35400
07/26/19, 1087, 1087, 1071, 1073, 9400
07/25/19, 1080, 1088, 1080, 1087, 1900
07/24/19, 1090, 1090, 1080, 1080, 7200
07/23/19, 1090, 1090, 1090, 1090, 1000
07/22/19, 1092, 1092, 1090, 1090, 19500
07/19/19, 1095, 1098, 1095, 1096, 6900
07/18/19, 1090, 1090, 1085, 1085, 2100
07/17/19, 1089, 1090, 1088, 1088, 5500
07/16/19, 1094, 1094, 1094, 1094, 34600
07/15/19, 1081, 1093, 1081, 1093, 2300
07/12/19, 1078, 1078, 1075, 1075, 1000
07/11/19, 1078, 1082, 1078, 1078, 14500
07/10/19, 1090, 1090, 1078, 1078, 3300
07/09/19, 1083, 1083, 1083, 1083, 3500
07/08/19, 1070, 1078, 1070, 1078, 3700
07/04/19, 1080, 1080, 1073, 1073, 3700
07/03/19, 1088, 1088, 1083, 1083, 4300
07/02/19, 1090, 1090, 1088, 1088, 3200
07/01/19, 1084, 1090, 1084, 1090, 1600
06/28/19, 1067, 1067, 1067, 1067, 1000
06/27/19, 1063, 1063, 1063, 1063, 600
06/26/19, 1069, 1073, 1069, 1072, 9400
06/25/19, 1065, 1069, 1065, 1069, 4500
06/24/19, 1065, 1065, 1065, 1065, 58100
06/21/19, 1068, 1068, 1068, 1068, 2400
06/20/19, 1063, 1076, 1062, 1076, 1600
06/19/19, 1060, 1073, 1060, 1073, 4500
06/18/19, 1050, 1050, 1041, 1041, 8100
06/17/19, 1053, 1054, 1040, 1050, 61000
06/14/19, 1046, 1057, 1046, 1053, 32700
06/13/19, 1055, 1055, 1045, 1046, 14500
06/12/19, 1060, 1060, 1059, 1059, 6600
06/11/19, 1060, 1060, 1060, 1060, 100
06/10/19, 1051, 1052, 1050, 1052, 10600
05/31/19, 1021, 1021, 1020, 1020, 173700
05/29/19, 1010, 1010, 1000, 1000, 60300
05/28/19, 1010, 1010, 1004, 1010, 61700
05/27/19, 996, 1008, 996, 1002, 5900
05/24/19, 997, 1005, 997, 1005, 19000
05/23/19, 967, 977, 967, 977, 8200
05/22/19, 973, 973, 959, 960, 214100
05/21/19, 975, 977, 971, 971, 93500
05/20/19, 950, 959, 935, 953, 37800
05/17/19, 964, 964, 951, 951, 131800
05/16/19, 988, 988, 959, 974, 92300
05/15/19, 995, 1002, 984, 988, 38600
05/14/19, 1012, 1012, 979, 998, 16500
05/13/19, 1017, 1017, 1012, 1012, 22600
05/10/19, 1024, 1024, 1010, 1019, 29700
05/09/19, 1031, 1031, 1022, 1022, 13700
05/08/19, 1042, 1042, 1031, 1031, 21000
05/07/19, 1041, 1042, 1041, 1042, 7900
05/06/19, 1030, 1030, 1015, 1024, 12300
05/03/19, 1039, 1040, 1035, 1040, 27900
05/02/19, 1064, 1064, 1045, 1045, 31700
04/29/19, 1052, 1054, 1050, 1050, 4200
04/26/19, 1045, 1049, 1045, 1049, 14500
04/25/19, 1058, 1058, 1048, 1048, 23200
04/24/19, 1056, 1056, 1055, 1055, 6800
04/23/19, 1058, 1070, 1058, 1070, 125000
04/22/19, 1067, 1067, 1058, 1058, 300
04/18/19, 1090, 1090, 1067, 1067, 3000
04/16/19, 1046, 1065, 1046, 1055, 17000
04/15/19, 1053, 1053, 1053, 1053, 1000
04/11/19, 1057, 1058, 1045, 1045, 99000
04/10/19, 1057, 1057, 1057, 1057, 2100
04/09/19, 1048, 1056, 1048, 1056, 10200
04/08/19, 1052, 1052, 1051, 1051, 3300
04/05/19, 1070, 1072, 1070, 1070, 17500
04/04/19, 1060, 1070, 1060, 1068, 16100
04/02/19, 1060, 1065, 1060, 1060, 12300
04/01/19, 1058, 1064, 1049, 1060, 30400
03/29/19, 1059, 1059, 1058, 1058, 1900
03/28/19, 1059, 1059, 1059, 1059, 400
03/27/19, 1060, 1060, 1055, 1060, 27000
03/26/19, 1051, 1061, 1050, 1050, 3600
03/25/19, 1057, 1057, 1048, 1048, 2700
03/22/19, 1057, 1057, 1055, 1055, 200
03/20/19, 1051, 1054, 1051, 1054, 5100
03/19/19, 1060, 1065, 1051, 1061, 10200
03/18/19, 1064, 1065, 1060, 1065, 10100
03/15/19, 1054, 1060, 1054, 1060, 6100
03/14/19, 1042, 1042, 1040, 1041, 12900
03/13/19, 1038, 1039, 1038, 1039, 15500
03/12/19, 1045, 1045, 1039, 1039, 5200
03/11/19, 1050, 1050, 1040, 1040, 5800
03/08/19, 1051, 1051, 1050, 1050, 9800
03/06/19, 1050, 1051, 1050, 1051, 1200
03/05/19, 1059, 1059, 1055, 1055, 5200
03/04/19, 1060, 1069, 1060, 1060, 5400
03/01/19, 1054, 1059, 1054, 1059, 21500
02/28/19, 1075, 1075, 1052, 1053, 16000
02/27/19, 1064, 1065, 1064, 1065, 5200
02/26/19, 1066, 1066, 1064, 1064, 10200
02/25/19, 1055, 1056, 1055, 1056, 39900
02/21/19, 1055, 1056, 1054, 1055, 143000
02/20/19, 1055, 1055, 1055, 1055, 100
02/19/19, 1055, 1055, 1055, 1055, 1900
02/18/19, 1048, 1048, 1048, 1048, 500
02/15/19, 1040, 1040, 1040, 1040, 4900
02/14/19, 1055, 1058, 1050, 1050, 13100
02/13/19, 1060, 1060, 1055, 1055, 3100
02/12/19, 1072, 1072, 1040, 1055, 28300
02/11/19, 1077, 1077, 1070, 1076, 15000
02/08/19, 1081, 1081, 1077, 1077, 15100
02/07/19, 1084, 1084, 1081, 1081, 6700
02/06/19, 1083, 1089, 1083, 1089, 2800
02/04/19, 1087, 1091, 1065, 1078, 27300
02/01/19, 1077, 1097, 1077, 1087, 30100
01/31/19, 1071, 1076, 1071, 1076, 4100
01/30/19, 1068, 1074, 1060, 1060, 2900
01/28/19, 1079, 1079, 1060, 1060, 59000
01/25/19, 1067, 1067, 1067, 1067, 21600
01/24/19, 1075, 1075, 1063, 1064, 9800
01/23/19, 1080, 1080, 1080, 1080, 1000
01/22/19, 1080, 1080, 1080, 1080, 700
01/21/19, 1088, 1088, 1080, 1080, 17800
01/18/19, 1082, 1082, 1082, 1082, 18600
01/17/19, 1065, 1069, 1065, 1069, 7800
01/16/19, 1061, 1065, 1061, 1065, 2300
01/15/19, 1060, 1060, 1055, 1060, 4000
01/14/19, 1058, 1058, 1055, 1055, 3500
01/11/19, 1060, 1060, 1049, 1055, 3000
01/10/19, 1042, 1042, 1042, 1042, 700
01/09/19, 1044, 1044, 1044, 1044, 600
01/08/19, 1044, 1044, 1044, 1044, 6400
01/07/19, 1051, 1052, 1051, 1052, 169500
01/04/19, 1023, 1037, 1023, 1034, 7500
01/03/19, 1033, 1033, 1023, 1023, 1600
01/02/19, 1040, 1040, 1032, 1033, 17000
12/28/18, 1042, 1043, 1040, 1040, 28500
12/27/18, 1033, 1033, 1030, 1033, 900
12/26/18, 1027, 1035, 1027, 1033, 8600
12/21/18, 1030, 1030, 1030, 1030, 1700
12/20/18, 1028, 1033, 1020, 1030, 7000
12/19/18, 1030, 1040, 1030, 1040, 1500
12/18/18, 1011, 1020, 1010, 1020, 26200
12/17/18, 1016, 1029, 1016, 1029, 4300
12/14/18, 1042, 1042, 1027, 1040, 115900
12/13/18, 1021, 1040, 1021, 1035, 22900
12/11/18, 1025, 1025, 1011, 1012, 122600
12/10/18, 1027, 1027, 1025, 1025, 30300
12/07/18, 1037, 1037, 1030, 1030, 19500
12/06/18, 1028, 1030, 1015, 1028, 6200
12/05/18, 1037, 1037, 1030, 1030, 10900
12/04/18, 1025, 1037, 1025, 1037, 18200
12/03/18, 1024, 1035, 1021, 1035, 12900
11/30/18, 1016, 1017, 1016, 1016, 2000
11/29/18, 1014, 1016, 1014, 1016, 51500
11/28/18, 1000, 1003, 998, 999, 14000
11/27/18, 1015, 1015, 1000, 1000, 6600
11/26/18, 1005, 1014, 1005, 1014, 4400
11/23/18, 996, 997, 996, 997, 1300
11/21/18, 996, 996, 996, 996, 100
11/19/18, 1003, 1004, 998, 998, 10900
11/16/18, 1003, 1019, 1001, 1008, 30200
11/15/18, 987, 987, 979, 986, 27600
11/14/18, 990, 990, 990, 990, 1000
11/13/18, 960, 965, 960, 960, 6000
11/12/18, 980, 980, 968, 968, 13000
11/09/18, 1001, 1001, 985, 985, 18000
11/08/18, 998, 1003, 998, 1003, 4300
11/07/18, 990, 1000, 990, 993, 15100
11/06/18, 1008, 1008, 1000, 1000, 1500
11/05/18, 972, 989, 972, 986, 9800
11/02/18, 972, 972, 972, 972, 100
11/01/18, 971, 981, 971, 977, 1600
10/31/18, 958, 958, 957, 957, 5000
10/29/18, 953, 957, 953, 957, 200
10/26/18, 957, 959, 953, 953, 23000
10/25/18, 940, 952, 937, 952, 4500
10/24/18, 967, 967, 951, 951, 14900
10/23/18, 969, 969, 969, 969, 200
10/22/18, 964, 972, 964, 972, 1600
10/19/18, 970, 973, 970, 973, 600
10/17/18, 963, 967, 963, 967, 3600
10/16/18, 954, 957, 940, 956, 122100
10/15/18, 968, 968, 950, 950, 10000
10/12/18, 958, 965, 950, 965, 2900
10/11/18, 940, 952, 940, 952, 3500
10/10/18, 953, 970, 953, 969, 2900
10/09/18, 960, 960, 950, 950, 11400
10/08/18, 956, 960, 955, 960, 24500
10/05/18, 950, 956, 950, 956, 13200
10/04/18, 965, 970, 959, 959, 99100
10/03/18, 985, 985, 978, 982, 44900
10/02/18, 989, 989, 985, 985, 200
09/28/18, 990, 990, 986, 989, 41100
09/27/18, 971, 985, 971, 977, 2600
09/26/18, 972, 988, 972, 988, 13400
09/25/18, 979, 979, 970, 970, 35800
09/24/18, 983, 983, 983, 983, 1000
09/21/18, 988, 988, 988, 988, 2500
09/20/18, 978, 986, 978, 986, 1500
09/18/18, 967, 969, 961, 961, 14100
09/17/18, 975, 975, 967, 967, 110600
09/14/18, 981, 990, 976, 990, 15900
09/13/18, 978, 978, 978, 978, 1000
09/12/18, 972, 975, 960, 971, 17900
09/10/18, 967, 975, 967, 972, 2600
09/07/18, 950, 978, 950, 978, 42300
09/06/18, 940, 954, 939, 954, 150400
09/05/18, 984, 984, 933, 945, 82500
09/04/18, 990, 991, 984, 984, 11400
09/03/18, 1004, 1004, 995, 995, 18100
08/31/18, 1000, 1000, 990, 1000, 10900
08/30/18, 1007, 1019, 1002, 1002, 68200
08/29/18, 1010, 1010, 1000, 1000, 2100
08/28/18, 995, 1014, 992, 1000, 28200
08/27/18, 1000, 1000, 992, 992, 20500
08/24/18, 989, 997, 989, 989, 195100
08/23/18, 988, 996, 988, 992, 17900
08/21/18, 985, 988, 985, 988, 3000
08/20/18, 973, 973, 968, 968, 4100
08/16/18, 950, 956, 950, 956, 1600
08/15/18, 955, 956, 947, 947, 26500
08/14/18, 975, 975, 953, 953, 27200
08/13/18, 1010, 1010, 972, 979, 225400
08/10/18, 1006, 1018, 1006, 1018, 1600
08/09/18, 1021, 1021, 1001, 1001, 4000
08/08/18, 1023, 1026, 1018, 1018, 8000
08/07/18, 1020, 1025, 1020, 1025, 2800
08/06/18, 1001, 1020, 1001, 1020, 48400
08/03/18, 1000, 1000, 988, 988, 2800
08/02/18, 998, 1011, 998, 1005, 1900
08/01/18, 996, 1002, 996, 1002, 5600
07/31/18, 993, 994, 983, 983, 18800
07/30/18, 993, 1005, 993, 1005, 8000
07/27/18, 993, 998, 993, 998, 3600
07/26/18, 993, 993, 985, 985, 1300
07/25/18, 992, 992, 980, 980, 11400
07/24/18, 982, 982, 982, 982, 1500
07/23/18, 977, 990, 977, 980, 3600
07/20/18, 975, 975, 975, 975, 100
07/19/18, 986, 986, 975, 975, 6300
07/18/18, 980, 980, 980, 980, 100
07/17/18, 977, 977, 977, 977, 1000
07/16/18, 988, 988, 976, 976, 2400
07/13/18, 982, 982, 982, 982, 100
07/12/18, 985, 990, 980, 985, 9700
07/11/18, 976, 976, 975, 975, 6200
07/10/18, 962, 962, 962, 962, 500
07/09/18, 955, 961, 955, 961, 5200
07/04/18, 939, 939, 927, 927, 15300
07/03/18, 950, 950, 935, 935, 8200
07/02/18, 950, 950, 950, 950, 600
06/29/18, 941, 945, 939, 945, 2600
06/28/18, 951, 951, 932, 936, 50100
06/27/18, 955, 955, 955, 955, 5200
06/26/18, 962, 962, 962, 962, 2000
06/25/18, 963, 963, 957, 957, 16300
06/22/18, 950, 953, 950, 953, 8700
06/21/18, 960, 960, 958, 958, 11300
06/20/18, 1000, 1000, 960, 960, 10900
06/08/18, 1017, 1018, 1000, 1011, 51400
06/07/18, 1020, 1030, 1020, 1030, 12900
06/06/18, 1020, 1024, 1020, 1024, 6200
06/05/18, 1015, 1022, 1008, 1022, 5700
06/04/18, 1001, 1019, 999, 1016, 7700
05/31/18, 1007, 1007, 1001, 1001, 22500
05/30/18, 1020, 1025, 1005, 1025, 21800
05/28/18, 1020, 1025, 1020, 1025, 11900
05/25/18, 1009, 1009, 1003, 1003, 2200
05/24/18, 982, 990, 982, 990, 3100
05/23/18, 967, 967, 967, 967, 800
05/21/18, 958, 958, 950, 958, 47100
05/18/18, 959, 962, 959, 962, 1200
05/16/18, 960, 962, 959, 959, 25200
05/15/18, 999, 999, 985, 985, 2000
05/14/18, 990, 990, 990, 990, 200
05/11/18, 1020, 1025, 1019, 1019, 6000
05/09/18, 970, 970, 970, 970, 12600
05/08/18, 956, 956, 951, 951, 34400
05/07/18, 955, 955, 955, 955, 200
05/04/18, 970, 970, 955, 955, 26800
05/03/18, 999, 999, 978, 980, 16800
05/02/18, 996, 999, 995, 999, 45400
04/30/18, 986, 986, 986, 986, 400
04/27/18, 995, 995, 980, 981, 19900
04/26/18, 997, 1001, 980, 986, 37000
04/25/18, 1050, 1050, 1011, 1011, 25000
04/24/18, 1066, 1066, 1055, 1055, 15300
04/20/18, 1072, 1072, 1072, 1072, 200
04/19/18, 1070, 1072, 1070, 1072, 600
04/18/18, 1070, 1075, 1070, 1070, 11300
04/17/18, 1070, 1070, 1070, 1070, 100
04/16/18, 1072, 1072, 1070, 1070, 4900
04/12/18, 1080, 1080, 1072, 1072, 17800
04/11/18, 1079, 1092, 1079, 1084, 6000
04/10/18, 1068, 1085, 1068, 1079, 100700
04/06/18, 1048, 1048, 1048, 1048, 7300
04/05/18, 1055, 1055, 1054, 1054, 12700
04/04/18, 1050, 1050, 1044, 1044, 10900
04/03/18, 1045, 1045, 1045, 1045, 600
04/02/18, 1045, 1058, 1045, 1045, 6200
03/29/18, 1035, 1035, 1035, 1035, 100
03/28/18, 1047, 1047, 1035, 1035, 57500
03/27/18, 1040, 1056, 1035, 1056, 3500
03/26/18, 1047, 1048, 1047, 1048, 1200
03/23/18, 1039, 1040, 1038, 1040, 22500
03/22/18, 1067, 1067, 1066, 1066, 25000
03/21/18, 1062, 1062, 1062, 1062, 4000
03/20/18, 1074, 1074, 1057, 1062, 9600
03/19/18, 1074, 1074, 1074, 1074, 20000
03/16/18, 1072, 1074, 1072, 1074, 5100
03/15/18, 1086, 1086, 1075, 1075, 142200
03/14/18, 1108, 1108, 1091, 1091, 5300
03/13/18, 1108, 1108, 1108, 1108, 2700
03/12/18, 1110, 1110, 1110, 1110, 100
03/09/18, 1093, 1104, 1093, 1102, 23900
03/08/18, 1100, 1100, 1100, 1100, 200
03/07/18, 1115, 1115, 1095, 1097, 16600
03/06/18, 1135, 1135, 1123, 1123, 19500
03/05/18, 1138, 1138, 1137, 1137, 5400
03/02/18, 1148, 1148, 1137, 1137, 10300
03/01/18, 1142, 1150, 1142, 1148, 6300
02/28/18, 1142, 1142, 1142, 1142, 1000
02/26/18, 1147, 1147, 1137, 1137, 37600
02/23/18, 1150, 1150, 1150, 1150, 500
02/22/18, 1146, 1150, 1146, 1150, 400
02/21/18, 1155, 1155, 1155, 1155, 100
02/20/18, 1165, 1165, 1155, 1155, 2400
02/19/18, 1144, 1165, 1144, 1165, 4600
02/15/18, 1143, 1144, 1143, 1144, 300
02/14/18, 1143, 1143, 1143, 1143, 600
02/13/18, 1143, 1143, 1143, 1143, 15100
02/12/18, 1143, 1143, 1142, 1143, 14200
02/09/18, 1137, 1139, 1136, 1136, 26000
02/07/18, 1139, 1139, 1137, 1137, 49300
02/06/18, 1138, 1140, 1125, 1132, 19200
02/05/18, 1141, 1145, 1141, 1145, 11100
02/02/18, 1153, 1160, 1153, 1159, 1400
02/01/18, 1161, 1161, 1153, 1153, 8300
01/31/18, 1153, 1156, 1134, 1156, 16300
01/30/18, 1165, 1165, 1146, 1153, 7800
01/29/18, 1160, 1165, 1160, 1165, 1100
01/26/18, 1160, 1160, 1160, 1160, 29000
01/25/18, 1165, 1165, 1160, 1160, 10600
01/24/18, 1157, 1157, 1157, 1157, 3800
01/23/18, 1145, 1146, 1145, 1146, 18300
01/22/18, 1143, 1143, 1141, 1142, 500
01/19/18, 1140, 1140, 1140, 1140, 400
01/18/18, 1135, 1140, 1135, 1140, 7700
01/17/18, 1130, 1135, 1125, 1135, 28600
01/16/18, 1130, 1130, 1130, 1130, 500
01/15/18, 1130, 1130, 1127, 1127, 20400
01/12/18, 1134, 1134, 1118, 1127, 3200
01/11/18, 1125, 1125, 1125, 1125, 2300
01/10/18, 1134, 1134, 1126, 1126, 44200
01/09/18, 1125, 1130, 1121, 1125, 20800
01/08/18, 1121, 1121, 1121, 1121, 500
01/05/18, 1114, 1117, 1114, 1117, 1500
01/04/18, 1105, 1105, 1099, 1104, 19700
01/03/18, 1122, 1122, 1099, 1099, 11100
01/02/18, 1128, 1130, 1128, 1128, 17400
12/29/17, 1110, 1131, 1110, 1131, 39900
12/28/17, 1105, 1105, 1090, 1090, 14300
12/27/17, 1107, 1107, 1107, 1107, 1100
12/22/17, 1080, 1082, 1080, 1082, 2800
12/20/17, 1079, 1079, 1069, 1071, 7400
12/19/17, 1060, 1060, 1060, 1060, 2000
12/18/17, 1054, 1054, 1054, 1054, 15000
12/11/17, 1064, 1064, 1048, 1048, 10000
12/08/17, 1065, 1065, 1064, 1064, 90600
12/07/17, 1060, 1061, 1060, 1061, 8600
12/06/17, 1050, 1050, 1050, 1050, 300000
12/05/17, 1059, 1059, 1041, 1041, 12700
12/04/17, 1054, 1054, 1054, 1054, 3000
11/30/17, 1058, 1070, 1058, 1070, 14600
11/29/17, 1065, 1065, 1058, 1058, 5900
11/28/17, 1058, 1058, 1058, 1058, 500
11/23/17, 1049, 1049, 1049, 1049, 600
11/22/17, 1050, 1050, 1049, 1049, 4300
11/21/17, 1050, 1050, 1050, 1050, 4700
11/15/17, 1040, 1040, 1040, 1040, 35000
11/14/17, 1046, 1046, 1041, 1041, 16500
11/13/17, 1046, 1046, 1046, 1046, 1000
11/10/17, 1048, 1048, 1048, 1048, 700
11/08/17, 1045, 1045, 1045, 1045, 100
11/07/17, 1040, 1040, 1040, 1040, 50300
11/06/17, 1035, 1040, 1035, 1040, 5900
11/03/17, 1040, 1040, 1030, 1030, 2500
11/02/17, 1047, 1050, 1047, 1047, 5400
10/31/17, 1036, 1047, 1035, 1047, 22000
10/30/17, 1035, 1035, 1035, 1035, 1000
10/27/17, 1041, 1041, 1032, 1039, 2800
10/26/17, 1041, 1042, 1041, 1042, 3400
10/25/17, 1031, 1031, 1031, 1031, 300
10/23/17, 1018, 1018, 1018, 1018, 100
10/19/17, 1018, 1029, 1018, 1018, 5100
10/18/17, 1032, 1032, 1028, 1028, 11800
10/17/17, 1022, 1022, 1022, 1022, 100
10/16/17, 1022, 1022, 1022, 1022, 6000
10/13/17, 1020, 1020, 1020, 1020, 3700
10/12/17, 1019, 1019, 1017, 1019, 42100
10/11/17, 1022, 1022, 1019, 1019, 1100
10/09/17, 1021, 1021, 1021, 1021, 300
10/06/17, 1021, 1021, 1021, 1021, 100
10/03/17, 1021, 1021, 1021, 1021, 48300
10/02/17, 1032, 1032, 1030, 1030, 13900
09/29/17, 1022, 1035, 1022, 1035, 4200
09/28/17, 1028, 1028, 1020, 1022, 12700
09/27/17, 1022, 1023, 1015, 1023, 2600
09/20/17, 1013, 1013, 1013, 1013, 1600
09/15/17, 1015, 1015, 1013, 1013, 2100
09/12/17, 1012, 1013, 1010, 1013, 1100
09/11/17, 1020, 1020, 1013, 1013, 6200
09/08/17, 1015, 1015, 1013, 1013, 5100
09/07/17, 1008, 1008, 1008, 1008, 7400
09/05/17, 1008, 1008, 1006, 1006, 98400
09/04/17, 1018, 1018, 1010, 1015, 352500
08/31/17, 1015, 1020, 1015, 1020, 3500
08/30/17, 1020, 1020, 1020, 1020, 7100
08/29/17, 1020, 1020, 1020, 1020, 9200
08/28/17, 1016, 1020, 1016, 1020, 8100
08/23/17, 1010, 1010, 1010, 1010, 100
08/22/17, 1020, 1020, 1020, 1020, 800
08/18/17, 1008, 1020, 1008, 1020, 6500
08/16/17, 1009, 1009, 1001, 1001, 2900
08/14/17, 993, 993, 993, 993, 28000
08/11/17, 999, 999, 999, 999, 2700
08/08/17, 1005, 1005, 1002, 1002, 300
08/07/17, 1003, 1003, 1002, 1002, 1800
08/04/17, 1006, 1007, 1002, 1002, 2000
08/03/17, 1005, 1005, 1005, 1005, 800
08/02/17, 1016, 1016, 1005, 1005, 10200
08/01/17, 1020, 1020, 1016, 1016, 3200
07/31/17, 1018, 1030, 1018, 1030, 7400
07/28/17, 1025, 1025, 1025, 1025, 500
07/27/17, 1011, 1020, 1011, 1020, 600
07/26/17, 1011, 1011, 1011, 1011, 100
07/25/17, 1015, 1015, 1010, 1010, 21700
07/24/17, 1010, 1015, 1010, 1015, 3100
07/21/17, 1010, 1015, 1010, 1010, 6900
07/20/17, 1010, 1010, 1010, 1010, 200
07/19/17, 1010, 1010, 1010, 1010, 900
07/17/17, 1010, 1010, 1010, 1010, 6400
07/14/17, 1018, 1018, 1018, 1018, 1000
07/13/17, 1021, 1021, 1020, 1020, 17100
07/12/17, 1015, 1015, 1015, 1015, 200
07/11/17, 1006, 1006, 1006, 1006, 4000
07/10/17, 1020, 1020, 1006, 1006, 11200
07/07/17, 1020, 1020, 1020, 1020, 400
07/06/17, 1022, 1028, 1020, 1020, 12700
07/05/17, 1033, 1033, 1022, 1022, 48000
07/03/17, 1031, 1031, 1023, 1023, 1600
06/22/17, 1022, 1030, 1021, 1030, 2700
06/21/17, 1017, 1027, 1017, 1027, 1500
06/20/17, 997, 1026, 994, 1026, 23700
06/19/17, 1003, 1003, 1003, 1003, 100
06/16/17, 1003, 1003, 1003, 1003, 200
06/15/17, 1008, 1008, 1008, 1008, 92200
06/14/17, 1000, 1005, 995, 996, 5500
06/13/17, 1002, 1002, 1000, 1000, 4300
06/12/17, 998, 1000, 998, 1000, 300
06/09/17, 1000, 1000, 990, 990, 6400
06/08/17, 1003, 1003, 1000, 1000, 3900
06/07/17, 1000, 1000, 1000, 1000, 2000
06/06/17, 1000, 1000, 1000, 1000, 200
06/05/17, 1000, 1000, 1000, 1000, 3000
06/02/17, 1002, 1002, 1001, 1001, 6300
05/31/17, 1004, 1004, 1004, 1004, 100
05/30/17, 987, 1004, 984, 1004, 172000
05/29/17, 995, 1005, 990, 1005, 23200
05/26/17, 995, 995, 995, 995, 500
05/23/17, 1007, 1007, 995, 995, 5300
05/22/17, 1007, 1007, 1007, 1007, 12100
05/19/17, 982, 1001, 982, 1001, 12200
05/18/17, 973, 973, 970, 970, 2700
05/17/17, 978, 978, 978, 978, 2000
05/16/17, 982, 982, 982, 982, 100
05/15/17, 982, 982, 982, 982, 100
05/12/17, 982, 982, 982, 982, 3000
05/08/17, 982, 982, 982, 982, 100
05/05/17, 977, 977, 977, 977, 7200
05/04/17, 977, 977, 977, 977, 4800
05/03/17, 977, 977, 977, 977, 200
05/02/17, 982, 982, 979, 979, 21300
04/28/17, 979, 987, 979, 987, 7200
04/27/17, 979, 979, 979, 979, 1000
04/26/17, 964, 978, 964, 978, 11400
04/21/17, 956, 956, 956, 956, 2000
04/20/17, 946, 946, 946, 946, 2500
04/18/17, 946, 946, 946, 946, 200
04/17/17, 952, 952, 952, 952, 5500
04/11/17, 956, 956, 952, 952, 3200
04/10/17, 961, 966, 961, 961, 9100
04/07/17, 966, 966, 966, 966, 100
04/06/17, 966, 966, 960, 966, 8900
04/05/17, 966, 966, 966, 966, 6900
04/03/17, 966, 966, 966, 966, 400
03/31/17, 971, 971, 963, 971, 25000
03/30/17, 971, 971, 971, 971, 1100
03/29/17, 950, 971, 950, 971, 9000
03/27/17, 948, 948, 948, 948, 500
03/23/17, 948, 948, 948, 948, 5500
03/22/17, 945, 950, 934, 945, 26900
03/21/17, 945, 945, 945, 945, 10900
03/20/17, 945, 945, 941, 945, 4300
03/17/17, 941, 941, 940, 940, 900
03/16/17, 929, 935, 929, 935, 7200
03/13/17, 915, 915, 915, 915, 3200
03/10/17, 911, 915, 911, 915, 7100
03/07/17, 915, 915, 915, 915, 500
03/06/17, 920, 920, 919, 919, 22300
03/02/17, 918, 919, 918, 919, 1600
03/01/17, 925, 925, 910, 910, 2800
02/28/17, 935, 935, 925, 935, 114100
02/27/17, 930, 935, 925, 935, 8800
02/24/17, 926, 936, 926, 936, 3000
02/22/17, 919, 919, 915, 915, 200
02/21/17, 908, 908, 908, 908, 100
02/20/17, 918, 918, 915, 918, 2500
02/17/17, 918, 918, 918, 918, 4000
02/16/17, 922, 923, 922, 923, 700
02/14/17, 916, 916, 916, 916, 1000
02/13/17, 916, 916, 916, 916, 400
02/09/17, 912, 912, 911, 911, 3500
02/08/17, 921, 921, 921, 921, 2100
02/07/17, 928, 928, 928, 928, 800
02/06/17, 922, 922, 922, 922, 2000
02/03/17, 920, 921, 920, 921, 600
02/02/17, 920, 920, 920, 920, 300
01/31/17, 926, 926, 911, 920, 7800
01/30/17, 926, 926, 926, 926, 2000
01/27/17, 918, 926, 918, 926, 12600
01/26/17, 912, 912, 912, 912, 1000
01/25/17, 912, 912, 912, 912, 300
01/24/17, 912, 912, 912, 912, 800
01/23/17, 910, 910, 910, 910, 100
01/19/17, 910, 910, 910, 910, 100
01/17/17, 912, 913, 897, 897, 17900
01/16/17, 916, 916, 916, 916, 100
01/12/17, 918, 918, 918, 918, 900
01/11/17, 920, 920, 920, 920, 300
01/10/17, 920, 920, 920, 920, 3500
01/09/17, 924, 924, 924, 924, 200
01/06/17, 928, 929, 924, 924, 2400
01/05/17, 927, 927, 927, 927, 700
01/03/17, 913, 913, 913, 913, 7000
12/30/16, 924, 928, 924, 928, 7000
12/29/16, 906, 928, 906, 928, 5100
12/28/16, 906, 906, 906, 906, 3000
12/27/16, 865, 871, 865, 871, 1500
12/23/16, 865, 866, 860, 860, 19300
12/22/16, 878, 878, 863, 863, 10900
12/21/16, 887, 887, 885, 885, 10200
12/20/16, 885, 888, 885, 887, 4900
12/19/16, 905, 905, 905, 905, 500
12/16/16, 912, 912, 907, 907, 800
12/15/16, 912, 912, 912, 912, 2800
12/14/16, 913, 913, 913, 913, 100
12/13/16, 913, 913, 913, 913, 800
12/07/16, 908, 908, 905, 905, 200
12/06/16, 914, 914, 914, 914, 7600
12/05/16, 914, 914, 914, 914, 1300
12/01/16, 899, 900, 899, 900, 10600
11/30/16, 895, 902, 895, 902, 5500
11/29/16, 886, 898, 886, 898, 5800
11/28/16, 882, 891, 882, 891, 1800
11/25/16, 885, 886, 880, 880, 4400
11/24/16, 899, 899, 880, 880, 9900
11/23/16, 899, 899, 899, 899, 100
11/21/16, 893, 893, 893, 893, 2000
11/16/16, 901, 901, 901, 901, 100
11/15/16, 883, 883, 880, 880, 4700
11/14/16, 900, 900, 876, 876, 10800
11/11/16, 923, 923, 915, 915, 81500
11/10/16, 960, 960, 960, 960, 2500
11/09/16, 945, 945, 944, 944, 10000
11/07/16, 932, 932, 932, 932, 17900
11/04/16, 937, 940, 936, 939, 5200
11/03/16, 938, 938, 938, 938, 51000
11/02/16, 958, 958, 955, 955, 3100
11/01/16, 963, 963, 955, 955, 10100
10/31/16, 960, 970, 958, 970, 8300
10/28/16, 960, 968, 950, 968, 7700
10/27/16, 950, 959, 950, 959, 1100
10/26/16, 954, 954, 954, 954, 1100
10/25/16, 966, 966, 959, 959, 13700
10/24/16, 954, 954, 954, 954, 100
10/21/16, 957, 957, 957, 957, 100
10/18/16, 957, 957, 957, 957, 300
10/17/16, 955, 955, 955, 955, 30000
10/14/16, 940, 949, 940, 949, 4100
10/13/16, 955, 955, 954, 954, 6400
10/12/16, 955, 955, 955, 955, 100
10/11/16, 958, 958, 954, 954, 1100
10/10/16, 960, 960, 958, 958, 800
10/07/16, 964, 964, 957, 957, 4400
10/06/16, 959, 959, 955, 956, 7200
10/05/16, 968, 968, 968, 968, 2000
10/04/16, 965, 969, 965, 969, 14500
10/03/16, 969, 969, 969, 969, 46000
09/30/16, 973, 973, 965, 973, 7400
09/29/16, 981, 981, 981, 981, 100
09/28/16, 951, 974, 951, 974, 37200
09/22/16, 952, 955, 952, 955, 12100
09/20/16, 940, 940, 940, 940, 2100
09/19/16, 940, 940, 940, 940, 10000
09/16/16, 945, 945, 940, 940, 66100
09/15/16, 920, 920, 920, 920, 1500
09/14/16, 918, 918, 917, 917, 1500
09/13/16, 945, 945, 930, 930, 48700
09/09/16, 945, 945, 942, 942, 3700
09/08/16, 946, 946, 946, 946, 500
09/07/16, 947, 947, 945, 945, 166500
09/06/16, 948, 948, 939, 939, 150100
09/05/16, 948, 948, 948, 948, 200
09/01/16, 940, 940, 940, 940, 100
08/31/16, 940, 969, 940, 969, 28100
08/30/16, 958, 962, 940, 940, 500
08/29/16, 956, 963, 951, 963, 2400
08/26/16, 961, 965, 961, 965, 2000
08/25/16, 965, 965, 955, 961, 7800
08/24/16, 955, 965, 955, 958, 2700
08/23/16, 955, 955, 955, 955, 1600
08/22/16, 964, 965, 964, 965, 2100
08/19/16, 965, 965, 960, 960, 700
08/18/16, 958, 959, 958, 959, 18500
08/16/16, 943, 943, 943, 943, 10000
08/15/16, 950, 950, 943, 943, 11800
08/12/16, 955, 962, 955, 955, 3300
08/11/16, 957, 957, 957, 957, 100
08/10/16, 956, 956, 953, 956, 1500
08/09/16, 959, 959, 956, 956, 100000
08/08/16, 965, 965, 959, 959, 1600
08/05/16, 960, 960, 960, 960, 3100
08/03/16, 955, 956, 955, 955, 1500
08/02/16, 947, 955, 947, 955, 9900
08/01/16, 945, 945, 945, 945, 50400
07/29/16, 945, 945, 945, 945, 1000
07/28/16, 945, 945, 945, 945, 100
07/27/16, 934, 945, 934, 945, 11100
07/25/16, 928, 928, 917, 917, 400000
07/22/16, 928, 928, 928, 928, 300
07/21/16, 926, 926, 926, 926, 1200
07/20/16, 920, 926, 920, 926, 11800
07/19/16, 915, 915, 914, 915, 23700
07/18/16, 905, 908, 900, 901, 7100
07/15/16, 900, 905, 900, 905, 8200
07/14/16, 905, 910, 901, 901, 6100
07/13/16, 912, 912, 910, 912, 2500
07/12/16, 898, 912, 898, 912, 4900
07/01/16, 880, 880, 880, 880, 200
06/30/16, 883, 900, 883, 900, 208900
06/29/16, 860, 883, 860, 883, 17600
06/28/16, 860, 860, 860, 860, 2700
06/27/16, 840, 840, 840, 840, 53800
06/24/16, 851, 852, 840, 852, 2500
06/23/16, 852, 852, 852, 852, 100
06/22/16, 860, 860, 860, 860, 100
06/21/16, 860, 860, 860, 860, 100
06/17/16, 845, 845, 845, 845, 200
06/16/16, 845, 845, 845, 845, 300
06/15/16, 850, 850, 845, 845, 700
06/13/16, 855, 855, 850, 850, 2600
06/10/16, 853, 853, 853, 853, 100
06/08/16, 860, 860, 860, 860, 500
06/07/16, 859, 866, 859, 866, 48600
06/06/16, 860, 860, 855, 859, 25600
06/03/16, 856, 856, 856, 856, 100
06/02/16, 848, 848, 846, 846, 30100
06/01/16, 850, 855, 848, 848, 18900
05/31/16, 860, 860, 860, 860, 600
05/30/16, 860, 860, 860, 860, 100
05/27/16, 850, 850, 850, 850, 200
05/26/16, 835, 835, 835, 835, 100
05/25/16, 836, 836, 836, 836, 3700
05/23/16, 824, 824, 824, 824, 100
05/19/16, 833, 833, 832, 832, 10900
05/18/16, 830, 830, 830, 830, 100
05/17/16, 839, 839, 839, 839, 2000
05/16/16, 835, 835, 835, 835, 100
05/13/16, 841, 841, 833, 833, 5100
05/12/16, 862, 862, 862, 862, 200
05/11/16, 855, 855, 855, 855, 1000
05/09/16, 850, 850, 850, 850, 5100
05/04/16, 854, 854, 854, 854, 2000
05/03/16, 855, 856, 855, 856, 1900
05/02/16, 853, 853, 850, 850, 3100
04/29/16, 858, 867, 858, 867, 3200
04/28/16, 851, 865, 848, 865, 5300
04/27/16, 848, 868, 848, 868, 300
04/26/16, 850, 858, 850, 855, 23400
04/25/16, 863, 863, 863, 863, 600
04/22/16, 879, 879, 860, 864, 6800
04/21/16, 875, 875, 875, 875, 200
04/20/16, 870, 870, 858, 858, 11400
04/19/16, 860, 865, 860, 865, 10100
04/18/16, 863, 865, 860, 860, 900
04/15/16, 855, 855, 855, 855, 100
04/14/16, 860, 860, 860, 860, 100
04/13/16, 864, 864, 864, 864, 6300
04/08/16, 864, 864, 864, 864, 5800
04/07/16, 864, 864, 864, 864, 1300
04/05/16, 862, 862, 862, 862, 11500
04/01/16, 870, 870, 862, 862, 3600
03/31/16, 872, 872, 872, 872, 200
03/30/16, 858, 872, 850, 872, 1200
03/29/16, 854, 857, 846, 857, 2200
03/28/16, 850, 850, 850, 850, 700
03/24/16, 864, 864, 862, 862, 1300
03/22/16, 870, 870, 857, 860, 60700
03/21/16, 865, 870, 865, 870, 3400
03/18/16, 879, 879, 861, 865, 4600
03/17/16, 865, 865, 865, 865, 81100
03/16/16, 856, 856, 856, 856, 1800
03/15/16, 858, 858, 858, 858, 2500
03/14/16, 854, 865, 854, 865, 46200
03/11/16, 853, 859, 852, 855, 5000
03/10/16, 853, 853, 850, 853, 5200
03/08/16, 855, 855, 854, 854, 54600
03/03/16, 864, 864, 854, 854, 4400
03/02/16, 865, 865, 858, 858, 1100
03/01/16, 845, 845, 845, 845, 200
02/29/16, 852, 855, 845, 846, 29500
02/26/16, 835, 846, 835, 846, 1200
02/25/16, 836, 836, 836, 836, 5000
02/24/16, 830, 838, 830, 838, 4400
02/23/16, 842, 842, 842, 842, 2000
02/22/16, 846, 846, 842, 842, 5600
02/19/16, 860, 860, 840, 840, 14600
02/18/16, 860, 860, 860, 860, 700
02/17/16, 836, 860, 836, 860, 7800
02/16/16, 850, 850, 843, 843, 3000
02/15/16, 851, 851, 851, 851, 2300
02/12/16, 852, 852, 851, 851, 20100
02/11/16, 861, 861, 850, 850, 13200
02/10/16, 858, 858, 856, 856, 5500
02/09/16, 860, 860, 860, 860, 1100
02/05/16, 836, 860, 836, 860, 271500
02/04/16, 825, 832, 825, 832, 7500
02/03/16, 811, 812, 811, 812, 1400
02/02/16, 820, 820, 820, 820, 1300
02/01/16, 821, 821, 821, 821, 100
01/29/16, 810, 820, 810, 818, 800
01/28/16, 810, 818, 810, 817, 4800
01/27/16, 803, 810, 803, 809, 2700
01/26/16, 800, 800, 800, 800, 100
01/25/16, 805, 805, 805, 805, 4100
01/22/16, 794, 794, 791, 794, 1000
01/21/16, 800, 800, 794, 794, 14000
01/20/16, 804, 804, 800, 800, 7400
01/19/16, 806, 806, 800, 800, 200
01/18/16, 805, 805, 803, 804, 1000
01/14/16, 812, 814, 809, 814, 37500
01/13/16, 812, 812, 812, 812, 12500
01/11/16, 803, 803, 800, 800, 2600
01/08/16, 798, 803, 798, 803, 3700
01/07/16, 809, 818, 809, 809, 13700
01/06/16, 815, 820, 815, 820, 35800
01/04/16, 825, 825, 820, 820, 13500
12/30/15, 805, 824, 805, 821, 5700
12/23/15, 803, 803, 803, 803, 84000
12/21/15, 799, 799, 799, 799, 300
12/18/15, 802, 802, 802, 802, 6200
12/16/15, 790, 794, 790, 794, 10200
12/15/15, 775, 775, 766, 775, 12000
12/14/15, 769, 775, 768, 775, 1600
12/11/15, 787, 787, 784, 784, 2200
12/10/15, 798, 798, 790, 790, 1500
12/08/15, 803, 804, 798, 798, 11400
12/07/15, 803, 803, 803, 803, 6500
12/04/15, 808, 808, 808, 808, 1000
12/02/15, 803, 803, 803, 803, 500
12/01/15, 803, 806, 800, 806, 400
11/30/15, 805, 805, 799, 799, 800
11/27/15, 822, 822, 815, 815, 6100
11/26/15, 819, 827, 819, 827, 140900
11/25/15, 815, 816, 815, 816, 200
11/24/15, 805, 810, 805, 810, 200
11/23/15, 800, 801, 800, 801, 400
11/20/15, 802, 802, 802, 802, 200
11/19/15, 795, 795, 795, 795, 200
11/18/15, 792, 798, 792, 798, 900
11/16/15, 778, 778, 774, 774, 3800
11/13/15, 782, 782, 782, 782, 100
11/12/15, 774, 781, 774, 781, 600
11/11/15, 785, 785, 780, 780, 7600
11/10/15, 790, 790, 790, 790, 100
11/09/15, 790, 796, 790, 790, 300
11/06/15, 810, 817, 810, 817, 900
11/05/15, 820, 820, 805, 805, 20000
11/04/15, 808, 822, 808, 822, 3200
11/03/15, 786, 807, 786, 800, 4400
11/02/15, 781, 781, 781, 781, 100
10/30/15, 790, 800, 790, 800, 6700
10/29/15, 810, 810, 793, 793, 3000
10/28/15, 826, 826, 826, 826, 900
10/27/15, 818, 827, 818, 827, 1400
10/26/15, 830, 830, 828, 828, 300
10/23/15, 825, 825, 821, 825, 4700
10/22/15, 819, 819, 819, 819, 100
10/21/15, 820, 830, 819, 822, 5500
10/20/15, 804, 810, 804, 809, 9700
10/19/15, 803, 807, 803, 807, 9800
10/16/15, 793, 795, 793, 795, 2700
10/15/15, 790, 804, 790, 804, 13500
10/13/15, 815, 815, 790, 790, 267400
10/12/15, 815, 815, 815, 815, 107100
10/09/15, 794, 821, 794, 812, 9100
10/08/15, 785, 791, 785, 791, 5000
10/07/15, 778, 785, 778, 785, 4500
10/06/15, 763, 785, 763, 776, 9800
10/05/15, 740, 757, 740, 749, 4600
10/02/15, 717, 736, 717, 736, 1900
10/01/15, 727, 731, 726, 731, 1700
09/30/15, 711, 726, 711, 726, 500
09/29/15, 695, 700, 692, 700, 6400
09/28/15, 718, 718, 710, 710, 19900
09/25/15, 730, 730, 725, 726, 7600
09/23/15, 748, 748, 732, 735, 53300
09/22/15, 751, 751, 751, 751, 100
09/21/15, 760, 765, 760, 760, 39500
09/18/15, 771, 771, 761, 761, 500
09/17/15, 760, 767, 748, 767, 130400
09/16/15, 760, 760, 750, 750, 1200
09/15/15, 763, 763, 748, 748, 260000
09/14/15, 753, 768, 753, 768, 4200
09/11/15, 755, 755, 755, 755, 200
09/10/15, 755, 755, 755, 755, 300
09/09/15, 755, 755, 755, 755, 4300
09/08/15, 753, 753, 744, 753, 1500
09/07/15, 760, 763, 754, 754, 44600
09/04/15, 782, 782, 769, 769, 3000
09/03/15, 780, 781, 780, 781, 200
09/02/15, 755, 774, 755, 774, 6800
09/01/15, 788, 788, 776, 776, 2300
08/31/15, 790, 799, 781, 788, 23000
08/28/15, 784, 787, 784, 787, 1200
08/27/15, 751, 769, 749, 769, 7900
08/26/15, 727, 737, 717, 736, 13000
08/25/15, 730, 737, 729, 737, 9500
08/24/15, 732, 734, 710, 725, 17700
08/21/15, 755, 755, 755, 755, 20900
08/20/15, 776, 780, 776, 778, 6700
08/19/15, 785, 785, 785, 785, 1500
08/18/15, 790, 797, 790, 790, 1300
08/14/15, 778, 800, 778, 800, 47100
08/12/15, 795, 795, 778, 778, 188300
08/11/15, 830, 830, 807, 807, 29900
08/10/15, 834, 834, 834, 834, 6600
08/07/15, 841, 846, 841, 841, 8100
08/06/15, 850, 860, 841, 841, 3000
08/05/15, 850, 850, 850, 850, 200
08/04/15, 843, 843, 840, 840, 400
08/03/15, 842, 842, 835, 840, 6100
07/31/15, 841, 841, 841, 841, 3600
07/30/15, 828, 833, 828, 828, 4700
07/29/15, 830, 830, 828, 828, 500
07/28/15, 832, 832, 827, 827, 18100
07/27/15, 854, 854, 837, 837, 138300
07/24/15, 860, 860, 860, 860, 3500
07/15/15, 864, 864, 863, 863, 1600
07/14/15, 873, 873, 865, 865, 1000
07/13/15, 855, 865, 855, 865, 5400
07/10/15, 864, 864, 860, 860, 1000
07/09/15, 855, 855, 850, 853, 29900
07/08/15, 871, 871, 860, 860, 38300
07/07/15, 871, 871, 871, 871, 300
07/06/15, 882, 882, 870, 870, 3100
07/02/15, 871, 871, 871, 871, 100
07/01/15, 870, 870, 865, 865, 10100
06/29/15, 865, 865, 863, 864, 59200
06/26/15, 880, 880, 870, 870, 50100
06/25/15, 878, 878, 870, 870, 1000
06/24/15, 887, 887, 887, 887, 5000
06/23/15, 875, 885, 875, 885, 900
06/22/15, 881, 881, 881, 881, 100
06/18/15, 890, 890, 881, 881, 101200
06/17/15, 872, 892, 872, 892, 800
06/16/15, 856, 865, 843, 865, 30100
06/15/15, 862, 862, 856, 856, 10700
06/12/15, 879, 879, 877, 877, 2300
06/11/15, 877, 879, 877, 879, 3400
06/10/15, 886, 886, 880, 880, 1600
06/09/15, 888, 888, 857, 859, 55600
06/08/15, 900, 900, 888, 888, 6400
06/05/15, 914, 914, 899, 899, 7300
06/04/15, 924, 924, 912, 912, 25600
06/03/15, 934, 934, 920, 925, 14700
06/01/15, 940, 940, 934, 934, 18900
05/29/15, 943, 943, 943, 943, 300
05/28/15, 950, 950, 945, 950, 19000
05/27/15, 965, 965, 950, 951, 42000
05/26/15, 964, 965, 955, 965, 5800
05/25/15, 950, 957, 945, 957, 6500
05/21/15, 951, 951, 949, 951, 3400
05/20/15, 955, 955, 950, 950, 3400
05/19/15, 940, 940, 940, 940, 100
05/18/15, 940, 940, 938, 940, 400
05/15/15, 939, 939, 938, 938, 3000
05/13/15, 924, 953, 924, 953, 2600
05/12/15, 924, 924, 924, 924, 100
05/11/15, 940, 940, 931, 931, 14200
05/08/15, 931, 931, 931, 931, 1500
05/07/15, 927, 928, 927, 928, 9300
05/06/15, 922, 922, 922, 922, 2200
05/05/15, 922, 927, 918, 918, 2100
05/04/15, 903, 919, 903, 915, 3900
04/29/15, 917, 917, 878, 883, 24300
04/28/15, 927, 927, 915, 916, 66400
04/27/15, 970, 970, 940, 940, 17100
04/24/15, 971, 973, 971, 973, 3400
04/22/15, 973, 975, 967, 967, 6800
04/21/15, 967, 967, 967, 967, 10800
04/20/15, 964, 966, 963, 965, 2500
04/16/15, 965, 965, 959, 959, 700
04/15/15, 968, 968, 951, 951, 8500
04/14/15, 974, 974, 968, 968, 16200
04/13/15, 974, 974, 970, 970, 600
04/10/15, 980, 980, 965, 965, 30000
04/09/15, 970, 980, 970, 980, 5400
04/08/15, 982, 982, 972, 972, 3700
04/07/15, 988, 988, 983, 985, 13000
04/06/15, 984, 984, 983, 983, 11000
04/01/15, 980, 980, 976, 976, 6900
03/31/15, 975, 976, 974, 976, 17400
03/27/15, 959, 959, 959, 959, 300
03/26/15, 966, 966, 962, 962, 5600
03/25/15, 959, 963, 959, 963, 141700
03/24/15, 976, 976, 968, 968, 2900
03/19/15, 963, 963, 962, 963, 13100
03/18/15, 961, 961, 961, 961, 3100
03/17/15, 962, 962, 962, 962, 1000
03/16/15, 970, 970, 969, 969, 1100
03/13/15, 970, 970, 967, 968, 3500
03/12/15, 968, 969, 968, 969, 6700
03/11/15, 964, 965, 961, 963, 11800
03/10/15, 963, 976, 956, 972, 17300
03/09/15, 970, 970, 960, 965, 8796200
03/06/15, 967, 975, 967, 975, 5200
03/05/15, 971, 971, 970, 970, 3100
03/04/15, 975, 975, 968, 971, 4900
03/03/15, 975, 975, 971, 971, 55200
03/02/15, 971, 971, 967, 970, 50200
02/27/15, 971, 975, 971, 975, 93900
02/26/15, 969, 970, 968, 970, 6300
02/25/15, 966, 967, 966, 967, 5100
02/24/15, 963, 969, 963, 965, 26100
02/23/15, 960, 963, 960, 963, 41700
02/20/15, 969, 970, 965, 965, 15200
02/18/15, 960, 963, 960, 963, 11100
02/17/15, 946, 946, 946, 946, 200
02/16/15, 955, 955, 953, 953, 800
02/13/15, 953, 955, 953, 955, 9100
02/11/15, 942, 947, 942, 947, 1900
02/10/15, 948, 950, 942, 942, 1500
02/09/15, 946, 949, 946, 949, 5600
02/06/15, 940, 942, 940, 941, 7300
02/05/15, 935, 935, 928, 928, 38300
02/04/15, 940, 942, 940, 940, 34400
02/03/15, 933, 939, 933, 933, 6800
02/02/15, 936, 936, 927, 928, 5100
01/28/15, 934, 934, 934, 934, 100
01/27/15, 932, 937, 927, 928, 6800
01/26/15, 950, 950, 925, 925, 9100
01/23/15, 930, 945, 930, 945, 7700
01/22/15, 926, 928, 926, 928, 4100
01/21/15, 910, 920, 910, 920, 1100
01/20/15, 907, 910, 902, 903, 9500
01/19/15, 907, 910, 901, 905, 10300
01/16/15, 910, 910, 910, 910, 500
01/15/15, 910, 911, 910, 910, 6700
01/14/15, 915, 915, 912, 912, 13900
01/13/15, 915, 919, 915, 915, 6400
01/12/15, 917, 921, 912, 913, 37500
01/09/15, 920, 920, 919, 919, 27200
01/08/15, 919, 920, 919, 919, 23900
01/07/15, 914, 918, 914, 914, 3000
01/06/15, 913, 913, 911, 912, 6500
01/05/15, 917, 920, 917, 920, 600
01/02/15, 910, 920, 910, 920, 6500
12/30/14, 912, 913, 912, 913, 5900
12/29/14, 912, 912, 912, 912, 3300
12/24/14, 912, 912, 909, 912, 6400
12/23/14, 909, 912, 909, 912, 800
12/22/14, 908, 912, 908, 912, 500
12/19/14, 912, 912, 912, 912, 100
12/18/14, 903, 912, 903, 912, 10100
12/17/14, 886, 886, 886, 886, 100
12/16/14, 880, 888, 877, 885, 9000
12/15/14, 908, 908, 898, 898, 15800
12/12/14, 910, 915, 909, 910, 5000
12/10/14, 903, 907, 903, 903, 24300
12/09/14, 905, 905, 901, 901, 13600
12/08/14, 917, 920, 904, 905, 20200
12/05/14, 917, 917, 917, 917, 100
12/04/14, 913, 917, 911, 917, 800
12/03/14, 911, 915, 911, 913, 1200
12/02/14, 903, 915, 903, 915, 1400
12/01/14, 904, 904, 904, 904, 100
11/28/14, 905, 905, 904, 904, 6400
11/27/14, 903, 908, 903, 908, 800
11/26/14, 905, 905, 901, 903, 7300
11/25/14, 903, 910, 903, 910, 6700
11/24/14, 905, 906, 905, 906, 4500
11/21/14, 892, 895, 892, 895, 15500
11/20/14, 893, 895, 891, 895, 10900
11/19/14, 898, 906, 898, 900, 14500
11/18/14, 892, 896, 890, 892, 5900
11/17/14, 885, 885, 885, 885, 300
11/14/14, 888, 888, 885, 885, 3300
11/13/14, 882, 885, 881, 881, 2300
11/12/14, 883, 883, 880, 880, 1600
11/11/14, 880, 880, 880, 880, 3400
11/10/14, 866, 871, 866, 870, 700
11/07/14, 877, 881, 866, 866, 21700
11/06/14, 880, 880, 879, 880, 2600
11/04/14, 882, 892, 877, 888, 411500
11/03/14, 884, 884, 883, 884, 3200
10/31/14, 881, 882, 881, 882, 700
10/30/14, 876, 876, 874, 874, 900
10/29/14, 873, 881, 873, 881, 1400
10/28/14, 867, 867, 864, 864, 2700
10/27/14, 879, 879, 874, 874, 2300
10/24/14, 883, 885, 883, 885, 3200
10/23/14, 887, 887, 886, 886, 200
10/22/14, 880, 883, 880, 881, 2300
10/21/14, 876, 876, 871, 872, 2300
10/20/14, 888, 888, 883, 883, 4200
10/17/14, 860, 879, 860, 879, 4400
10/16/14, 850, 860, 850, 860, 10500
10/15/14, 856, 858, 856, 857, 4000
10/14/14, 848, 856, 848, 848, 1900
10/13/14, 853, 855, 847, 848, 19800
10/10/14, 859, 859, 856, 856, 600
10/09/14, 864, 865, 864, 865, 4000
10/08/14, 864, 864, 860, 862, 7300
10/07/14, 866, 866, 861, 861, 3100
10/06/14, 857, 864, 857, 864, 1500
10/03/14, 860, 860, 850, 850, 7900
10/02/14, 880, 881, 860, 860, 56700
10/01/14, 891, 895, 891, 895, 900
09/30/14, 893, 893, 888, 891, 600
09/29/14, 888, 892, 882, 886, 19500
09/26/14, 900, 900, 886, 888, 6200
09/24/14, 905, 905, 905, 905, 24000
09/23/14, 906, 906, 906, 906, 200
09/22/14, 908, 915, 908, 908, 2800
09/19/14, 910, 914, 909, 913, 11600
09/18/14, 890, 903, 890, 903, 69400
09/17/14, 898, 898, 895, 895, 500
09/16/14, 886, 894, 886, 894, 2200
09/15/14, 886, 889, 886, 889, 5200
09/12/14, 891, 891, 889, 890, 22800
09/11/14, 899, 899, 893, 893, 7400
09/10/14, 898, 898, 894, 895, 6800
09/09/14, 910, 912, 905, 905, 8500
09/08/14, 914, 914, 908, 910, 121700
09/05/14, 905, 909, 905, 909, 1000
09/04/14, 910, 910, 907, 907, 2100
09/03/14, 907, 908, 903, 908, 1700
09/02/14, 902, 903, 900, 903, 12200
09/01/14, 895, 903, 895, 903, 6300
08/29/14, 903, 903, 898, 900, 42700
08/28/14, 903, 903, 903, 903, 200
08/27/14, 900, 900, 900, 900, 200
08/26/14, 906, 909, 900, 900, 64300
08/25/14, 906, 906, 906, 906, 27700
08/22/14, 909, 911, 906, 906, 20600
08/21/14, 905, 905, 900, 905, 76800
08/20/14, 906, 910, 906, 906, 1500
08/19/14, 905, 907, 903, 903, 2100
08/18/14, 901, 901, 899, 899, 1700
08/15/14, 899, 899, 899, 899, 100
08/14/14, 905, 905, 900, 901, 3000
08/13/14, 898, 900, 898, 900, 3000
08/12/14, 898, 899, 898, 898, 800
08/11/14, 889, 892, 885, 892, 27400
08/08/14, 888, 893, 884, 884, 7500
08/07/14, 882, 885, 881, 884, 1300
08/06/14, 890, 891, 883, 886, 12200
08/05/14, 900, 900, 893, 893, 600
08/04/14, 893, 897, 884, 887, 28800
07/25/14, 887, 891, 887, 891, 7200
07/24/14, 892, 904, 892, 904, 3500
07/23/14, 905, 905, 899, 899, 6100
07/22/14, 901, 905, 883, 905, 7900
07/21/14, 905, 905, 902, 902, 9400
07/18/14, 890, 896, 890, 895, 6500
07/17/14, 900, 900, 888, 896, 18100
07/16/14, 889, 905, 889, 899, 5200
07/15/14, 889, 889, 889, 889, 200
07/14/14, 878, 884, 875, 884, 4200
07/11/14, 893, 893, 878, 880, 3800
07/10/14, 900, 905, 895, 895, 154000
07/08/14, 870, 881, 870, 870, 40400
07/07/14, 859, 868, 859, 868, 7500
07/04/14, 856, 856, 856, 856, 100
07/02/14, 845, 845, 842, 845, 12300
07/01/14, 845, 845, 845, 845, 800
06/30/14, 845, 845, 845, 845, 300
06/27/14, 840, 844, 837, 837, 62200
06/26/14, 840, 840, 840, 840, 200
06/25/14, 842, 847, 840, 840, 2500
06/24/14, 840, 840, 840, 840, 100
06/23/14, 845, 845, 839, 840, 85300
06/20/14, 843, 845, 843, 845, 1400
06/19/14, 842, 843, 840, 843, 31500
06/18/14, 847, 850, 847, 847, 38400
06/17/14, 845, 845, 843, 843, 5700
06/16/14, 853, 853, 844, 845, 17700
06/13/14, 853, 854, 853, 853, 500
06/12/14, 855, 859, 853, 855, 1400
06/11/14, 854, 856, 854, 856, 2700
06/10/14, 849, 857, 849, 851, 2700
06/09/14, 849, 849, 845, 845, 3000
06/04/14, 853, 853, 852, 853, 800
06/03/14, 847, 854, 847, 854, 400
06/02/14, 850, 850, 845, 845, 1400
05/30/14, 860, 862, 859, 859, 29500
05/28/14, 869, 870, 866, 870, 2100
05/26/14, 867, 867, 867, 867, 500
05/23/14, 868, 869, 867, 867, 1000
05/22/14, 856, 860, 852, 860, 4200
05/21/14, 850, 853, 849, 849, 2300
05/20/14, 865, 865, 848, 848, 11900
05/19/14, 888, 888, 872, 872, 12500
05/16/14, 865, 874, 865, 871, 20100
05/14/14, 855, 863, 850, 863, 50900
05/13/14, 851, 851, 849, 849, 6900
05/12/14, 845, 850, 840, 849, 60900
05/09/14, 841, 841, 840, 841, 2300
05/08/14, 849, 849, 838, 841, 17300
05/07/14, 840, 840, 832, 832, 10200
05/06/14, 835, 839, 833, 839, 1900
05/02/14, 840, 840, 840, 840, 600
04/30/14, 838, 838, 838, 838, 10200
04/29/14, 830, 835, 830, 835, 15100
04/28/14, 844, 844, 829, 830, 900
04/25/14, 840, 840, 840, 840, 8500
04/24/14, 840, 840, 840, 840, 1000
04/23/14, 840, 840, 840, 840, 1000
04/22/14, 845, 845, 845, 845, 1000
04/21/14, 841, 841, 836, 841, 51500
04/17/14, 843, 843, 837, 837, 1600
04/16/14, 836, 837, 827, 827, 3000
04/15/14, 840, 843, 835, 835, 4800
04/14/14, 829, 837, 829, 831, 3200
04/11/14, 815, 818, 815, 815, 2700
04/10/14, 841, 841, 818, 818, 18500
04/08/14, 846, 846, 846, 846, 900
04/07/14, 839, 845, 836, 845, 7600
04/04/14, 833, 835, 829, 835, 5500
04/03/14, 836, 839, 835, 838, 3400
04/02/14, 835, 839, 835, 835, 3000
04/01/14, 825, 833, 825, 832, 6000
03/28/14, 814, 814, 806, 806, 2300
03/27/14, 812, 814, 811, 814, 7200
03/26/14, 809, 809, 805, 805, 5400
03/25/14, 803, 803, 800, 800, 4400
03/24/14, 810, 810, 805, 807, 15000
03/21/14, 804, 805, 804, 805, 3000
03/20/14, 832, 832, 804, 804, 22300
03/19/14, 825, 832, 825, 832, 1800
03/18/14, 831, 835, 825, 825, 5700
03/17/14, 841, 845, 835, 841, 39600
03/14/14, 797, 832, 792, 832, 54400
03/13/14, 801, 803, 800, 803, 23900
03/11/14, 800, 800, 800, 800, 2000
03/10/14, 793, 798, 793, 793, 4100
03/07/14, 797, 797, 795, 795, 200
03/06/14, 795, 796, 791, 793, 40700
03/05/14, 787, 792, 787, 792, 3200
03/04/14, 781, 781, 780, 781, 29700
03/03/14, 783, 783, 781, 782, 1200
02/28/14, 781, 785, 781, 781, 3100
02/27/14, 775, 780, 773, 780, 19800
02/26/14, 775, 777, 771, 771, 32700
02/25/14, 792, 792, 781, 781, 50400
02/24/14, 797, 798, 792, 792, 41400
02/21/14, 785, 796, 785, 796, 26600
02/20/14, 780, 782, 780, 782, 35100
02/19/14, 780, 780, 776, 778, 12100
02/18/14, 775, 780, 768, 768, 130400
02/17/14, 775, 777, 775, 777, 4200
02/14/14, 768, 768, 767, 768, 3000
02/13/14, 767, 768, 765, 766, 5500
02/12/14, 767, 767, 765, 765, 5400
02/11/14, 761, 765, 761, 763, 5900
02/10/14, 763, 768, 760, 760, 23000
02/07/14, 761, 765, 761, 763, 5300
02/06/14, 748, 753, 745, 752, 1200
02/05/14, 744, 744, 740, 744, 800
02/04/14, 740, 747, 740, 743, 8700
02/03/14, 748, 750, 746, 747, 5100
01/30/14, 743, 750, 742, 750, 4200
01/29/14, 751, 758, 750, 757, 1800
01/28/14, 742, 742, 742, 742, 200
01/27/14, 733, 736, 733, 736, 8800
01/24/14, 763, 763, 758, 758, 14100
01/23/14, 771, 772, 770, 770, 5300
01/22/14, 758, 765, 758, 765, 16300
01/21/14, 761, 764, 760, 763, 3000
01/20/14, 756, 759, 756, 759, 2500
01/17/14, 755, 759, 755, 759, 2300
01/16/14, 758, 762, 758, 758, 21000
01/15/14, 762, 763, 760, 762, 18700
01/13/14, 736, 748, 735, 748, 80200
01/10/14, 709, 723, 706, 723, 5900
01/09/14, 710, 712, 709, 712, 2100
01/08/14, 704, 706, 704, 706, 3900
01/06/14, 708, 708, 708, 708, 300
01/02/14, 723, 725, 723, 725, 4500
12/30/13, 716, 719, 716, 719, 3000
12/27/13, 710, 711, 710, 711, 3000
12/23/13, 707, 707, 707, 707, 1500
12/20/13, 710, 710, 710, 710, 2000
12/18/13, 701, 701, 701, 701, 500
12/17/13, 705, 705, 705, 705, 5500
12/16/13, 697, 697, 695, 695, 10500
12/13/13, 709, 709, 707, 707, 2500
12/10/13, 720, 720, 717, 717, 8500
12/06/13, 707, 707, 702, 702, 7500
12/05/13, 715, 715, 705, 707, 23500
12/04/13, 721, 721, 721, 721, 500
12/03/13, 727, 727, 727, 727, 500
12/02/13, 730, 735, 730, 735, 13500
11/29/13, 715, 715, 712, 713, 11000
11/28/13, 711, 711, 711, 711, 5000
11/27/13, 719, 719, 711, 716, 8000
11/26/13, 731, 731, 716, 716, 49000
11/22/13, 732, 732, 732, 732, 1000
11/21/13, 732, 732, 730, 730, 36000
11/20/13, 745, 745, 737, 737, 22500
11/19/13, 750, 750, 750, 750, 5000
11/18/13, 748, 751, 746, 746, 16000
11/15/13, 735, 735, 735, 735, 3000
11/14/13, 742, 746, 742, 746, 27000
11/13/13, 733, 737, 727, 730, 16000
11/12/13, 754, 754, 745, 745, 19000
11/11/13, 751, 759, 751, 759, 1000
11/08/13, 756, 756, 756, 756, 48000
11/07/13, 775, 775, 775, 775, 500
11/06/13, 754, 754, 754, 754, 500
11/04/13, 752, 754, 750, 754, 22500
11/01/13, 761, 761, 750, 753, 58000
10/31/13, 773, 773, 764, 767, 16000
10/30/13, 771, 776, 771, 776, 4500
10/29/13, 778, 778, 777, 777, 14000
10/28/13, 780, 789, 780, 789, 17000
10/25/13, 781, 781, 781, 781, 500
10/24/13, 785, 785, 785, 785, 500
10/23/13, 781, 785, 781, 785, 22500
10/22/13, 790, 790, 770, 770, 101000
10/21/13, 780, 780, 780, 780, 2500
10/17/13, 775, 775, 775, 775, 3000
10/11/13, 770, 771, 770, 771, 7500
10/10/13, 768, 768, 764, 764, 4500
10/09/13, 752, 763, 752, 763, 8500
10/08/13, 745, 753, 745, 753, 47500
10/07/13, 744, 744, 743, 743, 8000
10/04/13, 746, 746, 746, 746, 10500
10/03/13, 745, 746, 745, 746, 6000
10/02/13, 747, 747, 747, 747, 500
10/01/13, 732, 747, 732, 747, 10500
09/30/13, 740, 741, 730, 730, 31500
09/27/13, 756, 756, 750, 750, 1500
09/26/13, 755, 761, 755, 758, 41000
09/25/13, 749, 756, 740, 744, 24000
09/24/13, 777, 777, 760, 760, 20000
09/23/13, 778, 778, 776, 777, 73500
09/20/13, 800, 800, 784, 788, 426500
09/19/13, 780, 820, 780, 801, 7000
09/18/13, 769, 769, 764, 764, 9000
09/17/13, 774, 774, 769, 769, 20500
09/16/13, 747, 760, 747, 760, 18500
09/13/13, 742, 747, 740, 747, 15000
09/12/13, 740, 749, 740, 740, 4000
09/11/13, 750, 750, 733, 733, 15500
09/10/13, 728, 740, 726, 740, 71000
09/05/13, 686, 686, 680, 680, 75000
09/04/13, 688, 690, 685, 685, 8000
09/02/13, 700, 704, 688, 692, 20000
08/29/13, 680, 685, 680, 685, 6500
08/28/13, 664, 664, 645, 664, 17500
08/27/13, 681, 681, 663, 663, 14500
08/26/13, 702, 702, 695, 695, 6000
08/23/13, 709, 709, 702, 702, 1500
08/22/13, 700, 700, 693, 697, 12000
08/21/13, 708, 718, 708, 711, 2000
08/20/13, 710, 710, 674, 700, 34500
08/19/13, 768, 768, 724, 724, 26500
08/16/13, 778, 778, 777, 777, 4500
08/13/13, 782, 783, 782, 783, 3000
08/12/13, 785, 785, 783, 783, 1500
08/01/13, 784, 785, 781, 785, 2000
07/30/13, 783, 785, 783, 785, 3500
07/29/13, 780, 780, 775, 775, 2000
07/26/13, 793, 793, 793, 793, 5000
07/25/13, 797, 797, 797, 797, 1000
07/24/13, 809, 809, 797, 797, 30000
07/23/13, 808, 808, 808, 808, 10000
07/22/13, 800, 800, 792, 798, 40500
07/19/13, 803, 803, 800, 800, 15000
07/17/13, 792, 792, 792, 792, 7000
07/12/13, 790, 790, 790, 790, 500
07/11/13, 769, 782, 769, 780, 17500
07/10/13, 758, 758, 758, 758, 500
07/09/13, 755, 755, 738, 738, 157500
07/08/13, 764, 764, 751, 752, 4500
07/03/13, 788, 788, 773, 773, 31500
07/02/13, 808, 808, 808, 808, 500
07/01/13, 808, 809, 808, 808, 11000
06/28/13, 804, 804, 801, 801, 2500
06/27/13, 793, 793, 789, 789, 3500
06/26/13, 759, 767, 759, 767, 4500
06/25/13, 738, 740, 730, 740, 17500
06/24/13, 767, 767, 739, 739, 60000
06/21/13, 750, 767, 746, 767, 18000
06/20/13, 785, 785, 774, 774, 25500
06/19/13, 816, 816, 811, 811, 13500
06/18/13, 817, 817, 815, 815, 19000
06/17/13, 806, 811, 800, 810, 25000
06/14/13, 786, 801, 786, 801, 8500
06/13/13, 765, 775, 765, 775, 1001500
06/12/13, 764, 783, 750, 783, 780500
06/11/13, 780, 783, 765, 765, 94000
06/10/13, 816, 816, 800, 803, 25500
06/07/13, 837, 837, 818, 818, 54000
06/05/13, 838, 838, 837, 837, 2500
06/04/13, 836, 836, 836, 836, 2000
06/03/13, 836, 846, 836, 836, 35500
05/31/13, 873, 873, 855, 859, 23000
05/30/13, 870, 870, 867, 867, 33000
05/29/13, 882, 882, 882, 882, 500
05/28/13, 863, 871, 857, 871, 304000
05/27/13, 871, 871, 863, 863, 25500
05/24/13, 880, 882, 873, 878, 16000
05/23/13, 880, 880, 871, 871, 4000
05/21/13, 895, 895, 883, 883, 11500
05/20/13, 869, 887, 869, 887, 1500
05/17/13, 865, 876, 865, 876, 1000
05/16/13, 867, 869, 867, 869, 16500
05/15/13, 860, 860, 859, 859, 2500
05/14/13, 860, 860, 860, 860, 500
05/13/13, 859, 861, 859, 861, 2005500
05/10/13, 859, 859, 859, 859, 500
05/07/13, 851, 853, 851, 853, 1500
05/06/13, 845, 845, 845, 845, 500
05/03/13, 846, 846, 836, 836, 3500
05/02/13, 857, 857, 857, 857, 1000
05/01/13, 859, 859, 859, 859, 500
04/30/13, 850, 852, 850, 852, 8500
04/26/13, 851, 851, 851, 851, 500
04/25/13, 850, 850, 847, 847, 12000
04/24/13, 852, 852, 851, 852, 5500
04/19/13, 846, 846, 846, 846, 2000
04/18/13, 845, 845, 845, 845, 2000
04/17/13, 842, 848, 842, 848, 2000
04/16/13, 820, 820, 820, 820, 500
04/11/13, 830, 830, 830, 830, 1000
04/10/13, 822, 822, 822, 822, 500
04/08/13, 829, 829, 825, 825, 1000
04/05/13, 833, 833, 833, 833, 500
04/04/13, 840, 840, 833, 833, 1500
04/03/13, 837, 840, 835, 840, 7000
04/02/13, 833, 833, 833, 833, 2000
04/01/13, 833, 833, 833, 833, 12000
03/28/13, 827, 829, 827, 829, 1000
03/27/13, 826, 829, 826, 829, 8000
03/26/13, 815, 818, 815, 818, 5500
03/25/13, 806, 809, 802, 809, 32000
03/22/13, 814, 814, 802, 802, 13000
03/21/13, 818, 821, 816, 817, 23500
03/20/13, 820, 824, 820, 824, 26500
03/19/13, 816, 816, 816, 816, 500
03/18/13, 816, 816, 816, 816, 500
03/15/13, 825, 827, 824, 824, 5500
03/14/13, 821, 821, 818, 818, 4500
03/13/13, 835, 836, 827, 827, 7000
03/11/13, 839, 840, 835, 835, 8000
03/08/13, 840, 840, 840, 840, 2500
03/07/13, 828, 828, 827, 827, 1500
03/06/13, 820, 821, 820, 821, 4000
03/05/13, 820, 820, 820, 820, 500
03/04/13, 825, 831, 819, 819, 16500
03/01/13, 829, 830, 829, 829, 10000
02/28/13, 809, 820, 809, 815, 22000
02/27/13, 801, 808, 801, 808, 3000
02/26/13, 800, 803, 800, 803, 4000
02/25/13, 799, 799, 798, 798, 1000
02/22/13, 794, 794, 794, 794, 3000
02/21/13, 787, 787, 787, 787, 1000
02/20/13, 787, 787, 787, 787, 1000
02/19/13, 787, 787, 787, 787, 500
02/18/13, 787, 787, 787, 787, 500
02/15/13, 790, 790, 790, 790, 500
02/14/13, 785, 785, 785, 785, 500
02/13/13, 781, 781, 781, 781, 2500
02/12/13, 775, 775, 775, 775, 500
02/11/13, 775, 776, 775, 776, 1000
02/08/13, 772, 772, 772, 772, 5500
02/07/13, 770, 770, 770, 770, 1000
02/06/13, 769, 769, 769, 769, 2000
02/05/13, 770, 771, 769, 769, 4500
02/04/13, 770, 770, 770, 770, 500
02/01/13, 769, 769, 765, 765, 56000
01/31/13, 759, 759, 759, 759, 18500
01/30/13, 759, 759, 757, 757, 38500
01/28/13, 755, 755, 755, 755, 1000
01/25/13, 758, 758, 758, 758, 1500
01/22/13, 758, 758, 758, 758, 12500
01/21/13, 765, 774, 765, 765, 36500
01/18/13, 760, 761, 760, 761, 40500
01/17/13, 754, 754, 754, 754, 500
01/16/13, 758, 758, 758, 758, 1000
01/15/13, 755, 756, 755, 756, 6000
01/14/13, 744, 744, 744, 744, 1000
01/11/13, 743, 743, 739, 739, 1500
01/10/13, 748, 748, 737, 737, 28000
01/09/13, 745, 749, 745, 748, 9000
01/08/13, 751, 753, 751, 751, 7500
01/07/13, 754, 755, 753, 753, 6500
01/04/13, 752, 752, 747, 747, 7500
01/03/13, 752, 752, 752, 752, 3000
01/02/13, 745, 750, 745, 750, 1000
12/28/12, 739, 739, 739, 739, 2500
12/27/12, 729, 730, 729, 730, 35500
12/26/12, 729, 729, 729, 729, 500
12/21/12, 729, 729, 729, 729, 500
12/20/12, 728, 728, 727, 727, 3500
12/19/12, 731, 731, 731, 731, 500
12/18/12, 734, 734, 734, 734, 500
12/17/12, 744, 744, 744, 744, 500
12/13/12, 734, 734, 734, 734, 1000
12/12/12, 738, 738, 738, 738, 2500
12/11/12, 736, 738, 733, 733, 15000
12/10/12, 733, 734, 733, 734, 3000
12/07/12, 732, 732, 732, 732, 500
12/06/12, 736, 736, 736, 736, 500
12/05/12, 727, 727, 727, 727, 3500
12/04/12, 731, 731, 730, 730, 3500
12/03/12, 737, 737, 731, 731, 9000
11/30/12, 736, 737, 736, 736, 32000
11/29/12, 737, 737, 737, 737, 500
11/28/12, 744, 745, 735, 739, 40000
11/27/12, 752, 752, 752, 752, 1000
11/23/12, 750, 750, 750, 750, 5000
11/22/12, 743, 743, 743, 743, 500
11/21/12, 743, 745, 743, 745, 1500
11/20/12, 745, 745, 744, 744, 35000
11/19/12, 746, 747, 746, 747, 3500
11/14/12, 750, 750, 750, 750, 1000
11/12/12, 746, 749, 746, 749, 3000
11/09/12, 749, 749, 749, 749, 5000
11/07/12, 750, 750, 748, 748, 201000
11/06/12, 745, 745, 745, 745, 1000
11/05/12, 747, 747, 746, 746, 8000
11/02/12, 750, 750, 750, 750, 2500
11/01/12, 749, 749, 748, 748, 22500
10/31/12, 750, 750, 750, 750, 500
10/30/12, 752, 754, 750, 750, 3500
10/29/12, 751, 751, 750, 751, 30000
10/25/12, 755, 755, 753, 753, 18500
10/24/12, 754, 754, 754, 754, 6500
10/23/12, 753, 753, 753, 753, 1500
10/22/12, 753, 753, 750, 753, 3500
10/19/12, 758, 759, 755, 755, 5000
10/18/12, 753, 754, 753, 754, 13500
10/17/12, 751, 751, 751, 751, 1000
10/16/12, 746, 749, 746, 749, 1500
10/15/12, 749, 749, 746, 746, 16000
10/12/12, 746, 746, 746, 746, 2500
10/11/12, 744, 746, 740, 746, 3500
10/10/12, 740, 740, 740, 740, 500
10/08/12, 745, 745, 745, 745, 500
10/05/12, 741, 752, 741, 747, 125500
10/04/12, 737, 737, 734, 736, 60500
10/03/12, 733, 733, 730, 730, 12500
10/02/12, 730, 733, 730, 733, 5500
10/01/12, 729, 729, 729, 729, 500
09/28/12, 728, 728, 727, 727, 20500
09/27/12, 725, 725, 725, 725, 2500
09/26/12, 724, 724, 719, 719, 263500
09/25/12, 723, 725, 723, 725, 3000
09/24/12, 730, 730, 724, 727, 351500
09/21/12, 730, 730, 730, 730, 5000
09/20/12, 733, 733, 728, 728, 5500
09/19/12, 731, 737, 731, 733, 8000
09/18/12, 730, 731, 730, 730, 12500
09/17/12, 733, 735, 733, 733, 18000
09/14/12, 725, 741, 725, 735, 55500
09/13/12, 717, 719, 717, 718, 14500
09/12/12, 718, 721, 715, 716, 6500
09/11/12, 715, 715, 715, 715, 5500
09/07/12, 713, 718, 713, 718, 5500
09/06/12, 706, 707, 706, 707, 6500
09/05/12, 707, 707, 706, 706, 6500
09/04/12, 708, 713, 707, 713, 147000
09/03/12, 701, 707, 701, 707, 35500
08/31/12, 699, 707, 695, 707, 151500
08/30/12, 712, 712, 700, 700, 136000
08/29/12, 719, 719, 716, 716, 7500
08/28/12, 723, 723, 719, 719, 5000
08/24/12, 722, 723, 722, 723, 5000
08/23/12, 730, 730, 729, 729, 4000
08/16/12, 723, 727, 723, 727, 7500
08/15/12, 720, 720, 720, 720, 4000
08/14/12, 716, 717, 716, 717, 6000
08/13/12, 722, 722, 716, 716, 6500
08/10/12, 714, 719, 714, 719, 3500
08/09/12, 712, 717, 712, 717, 8000
08/08/12, 711, 711, 711, 711, 3500
08/07/12, 720, 720, 711, 711, 10000
08/06/12, 720, 720, 716, 716, 4500
08/03/12, 708, 712, 706, 712, 7500
08/02/12, 718, 718, 715, 715, 7000
08/01/12, 715, 716, 714, 716, 10500
07/31/12, 713, 717, 713, 717, 128500
07/30/12, 711, 711, 710, 710, 7000
07/27/12, 700, 705, 700, 705, 11000
07/26/12, 691, 691, 691, 691, 2500
07/25/12, 690, 695, 690, 695, 9000
07/24/12, 695, 695, 695, 695, 52500
07/23/12, 695, 695, 692, 695, 6500
07/20/12, 706, 708, 705, 705, 10500
07/19/12, 710, 710, 707, 708, 7500
07/18/12, 707, 707, 704, 706, 14500
07/17/12, 704, 706, 704, 706, 6000
07/16/12, 695, 701, 695, 701, 14000
07/13/12, 692, 695, 692, 695, 6000
07/12/12, 703, 703, 690, 690, 7000
07/11/12, 698, 698, 698, 698, 500
07/10/12, 700, 701, 698, 698, 6000
07/09/12, 700, 700, 699, 699, 51000
07/06/12, 702, 704, 702, 704, 5500
07/05/12, 704, 707, 704, 707, 6500
07/04/12, 706, 717, 706, 711, 54000
07/03/12, 697, 700, 697, 700, 9500
07/02/12, 684, 690, 684, 690, 7000
06/29/12, 681, 685, 681, 685, 8000
06/28/12, 676, 676, 676, 676, 10000
06/27/12, 679, 680, 679, 679, 6000
06/26/12, 672, 672, 672, 672, 5000
06/25/12, 680, 680, 670, 670, 430500
06/22/12, 676, 676, 676, 676, 500
06/21/12, 677, 688, 676, 676, 10500
06/20/12, 672, 678, 672, 678, 8000
06/19/12, 666, 668, 666, 668, 5500
06/18/12, 660, 679, 660, 671, 10000
06/15/12, 657, 657, 655, 657, 7500
06/14/12, 654, 655, 654, 655, 4000
06/13/12, 664, 665, 664, 664, 5500
06/12/12, 660, 661, 659, 661, 3500
06/11/12, 663, 671, 662, 662, 5500
06/08/12, 660, 660, 656, 656, 3500
06/07/12, 668, 668, 664, 664, 14000
06/06/12, 641, 662, 641, 654, 7500
06/05/12, 633, 642, 632, 634, 7000
06/04/12, 636, 641, 625, 625, 74500
06/01/12, 657, 658, 655, 655, 57000
05/31/12, 664, 664, 658, 658, 455500
05/30/12, 662, 674, 662, 667, 8000
05/29/12, 671, 671, 671, 671, 2500
05/28/12, 665, 665, 665, 665, 305000
05/25/12, 674, 674, 662, 662, 7000
05/24/12, 677, 677, 675, 675, 7000
05/23/12, 680, 680, 671, 674, 332500
05/22/12, 683, 683, 680, 682, 16500
05/21/12, 680, 680, 671, 677, 25000
05/16/12, 683, 683, 673, 680, 1027000
05/15/12, 695, 697, 689, 696, 4000
05/14/12, 697, 697, 695, 695, 3000
05/11/12, 706, 706, 695, 698, 22500
05/10/12, 705, 708, 705, 708, 10000
05/09/12, 704, 709, 704, 707, 421000
05/08/12, 713, 713, 713, 713, 4500
05/07/12, 712, 712, 707, 710, 3500
05/04/12, 718, 718, 716, 716, 5000
05/03/12, 716, 718, 716, 717, 6500
05/02/12, 714, 720, 714, 717, 10500
05/01/12, 710, 712, 710, 712, 6000
04/30/12, 706, 706, 706, 706, 2500
04/27/12, 721, 721, 709, 710, 4000
04/26/12, 714, 716, 714, 714, 5000
04/25/12, 714, 714, 708, 708, 5500
04/24/12, 709, 714, 708, 709, 5500
04/23/12, 715, 715, 703, 707, 13500
04/20/12, 716, 716, 716, 716, 500
04/19/12, 715, 715, 705, 714, 4000
04/18/12, 715, 717, 714, 715, 102500
04/17/12, 717, 717, 717, 717, 1000
04/16/12, 715, 715, 715, 715, 3000
04/12/12, 710, 710, 710, 710, 2500
04/11/12, 710, 712, 709, 709, 7500
04/10/12, 715, 716, 715, 716, 5000
04/09/12, 717, 717, 713, 713, 35000
04/05/12, 710, 718, 710, 718, 5000
04/04/12, 729, 729, 720, 720, 316500
04/03/12, 720, 732, 720, 731, 213000
04/02/12, 715, 720, 714, 720, 62000
03/30/12, 705, 710, 705, 710, 242500
03/29/12, 703, 704, 703, 704, 7000
03/28/12, 702, 704, 702, 704, 8500
03/27/12, 699, 705, 699, 701, 108000
03/26/12, 700, 700, 695, 696, 10500
03/22/12, 698, 698, 698, 698, 4500
03/21/12, 695, 701, 695, 698, 6000
03/20/12, 697, 698, 697, 697, 50500
03/19/12, 698, 702, 697, 697, 8000
03/16/12, 705, 705, 697, 697, 7500
03/15/12, 705, 705, 702, 705, 53500
03/14/12, 700, 700, 700, 700, 2500
03/13/12, 695, 699, 694, 695, 7500
03/12/12, 695, 695, 691, 691, 9000
03/09/12, 690, 691, 687, 691, 9000
03/08/12, 686, 686, 684, 685, 8500
03/07/12, 685, 685, 680, 682, 8500
03/06/12, 689, 691, 682, 686, 43000
03/05/12, 693, 695, 687, 690, 7000
03/02/12, 691, 695, 691, 695, 11000
03/01/12, 690, 690, 688, 688, 7500
02/29/12, 682, 688, 682, 688, 109000
02/28/12, 673, 675, 673, 675, 14000
02/27/12, 670, 670, 665, 670, 39500
02/24/12, 689, 689, 671, 675, 33000
02/23/12, 690, 695, 689, 689, 20500
02/22/12, 695, 703, 693, 693, 17500
02/21/12, 696, 696, 693, 693, 29000
02/17/12, 692, 694, 688, 694, 15500
02/16/12, 684, 685, 683, 684, 14500
02/15/12, 690, 692, 683, 687, 36500
02/14/12, 688, 690, 687, 688, 10500
02/13/12, 692, 694, 688, 692, 19500
02/10/12, 693, 693, 687, 687, 15500
02/09/12, 700, 700, 695, 695, 12000
02/08/12, 700, 700, 690, 700, 18500
02/07/12, 692, 696, 690, 696, 13500
02/06/12, 708, 708, 700, 700, 15000
02/03/12, 702, 709, 702, 706, 90000
02/02/12, 699, 705, 699, 701, 15500
02/01/12, 696, 697, 696, 696, 9000
01/31/12, 695, 695, 691, 695, 11000
01/30/12, 701, 701, 692, 692, 23000
01/27/12, 704, 708, 702, 708, 13500
01/26/12, 704, 704, 702, 702, 1500
01/25/12, 708, 708, 706, 706, 1500
01/24/12, 709, 709, 709, 709, 5000
01/20/12, 708, 708, 708, 708, 25000
01/19/12, 705, 710, 705, 705, 110500
01/18/12, 699, 700, 696, 698, 41000
01/17/12, 697, 700, 691, 698, 12000
01/16/12, 695, 696, 693, 694, 8000
01/13/12, 690, 700, 690, 700, 15500
01/12/12, 697, 697, 694, 694, 9500
01/11/12, 709, 709, 698, 702, 70500
01/10/12, 693, 704, 690, 704, 248500
01/09/12, 691, 691, 680, 689, 11000
01/06/12, 690, 691, 689, 691, 7500
01/05/12, 698, 698, 692, 694, 13000
01/04/12, 686, 693, 686, 692, 345000
01/03/12, 679, 679, 678, 679, 15500
01/02/12, 680, 680, 678, 678, 5500
12/30/11, 677, 679, 671, 677, 363500
12/29/11, 670, 670, 664, 669, 15500
12/28/11, 674, 674, 665, 672, 527000
12/27/11, 680, 680, 668, 675, 8000
12/23/11, 677, 678, 676, 676, 9000
12/22/11, 674, 675, 670, 675, 16500
12/21/11, 670, 674, 670, 672, 16500
12/20/11, 675, 675, 671, 672, 14500
12/19/11, 669, 669, 668, 669, 10000
12/16/11, 661, 671, 661, 671, 18000
12/15/11, 660, 660, 654, 654, 23500
12/14/11, 667, 667, 666, 666, 12000
12/13/11, 672, 672, 665, 668, 17000
12/12/11, 676, 678, 676, 677, 137000
12/09/11, 670, 671, 670, 671, 5000
12/08/11, 685, 685, 677, 677, 14000
12/07/11, 668, 679, 667, 678, 36500
12/06/11, 675, 675, 666, 666, 4000
12/05/11, 676, 676, 676, 676, 3000
12/02/11, 671, 675, 671, 675, 10000
12/01/11, 674, 683, 674, 682, 185500
11/30/11, 653, 662, 652, 662, 212500
11/29/11, 657, 665, 657, 665, 14500
11/28/11, 655, 655, 645, 646, 13000
11/25/11, 647, 658, 647, 658, 7000
11/24/11, 656, 659, 656, 659, 42000
11/23/11, 655, 655, 655, 655, 5000
11/22/11, 659, 661, 659, 661, 20000
11/21/11, 666, 666, 658, 658, 20000
11/18/11, 677, 677, 667, 668, 30000
11/17/11, 676, 679, 676, 677, 45000
11/16/11, 681, 681, 681, 681, 101000
11/15/11, 683, 683, 678, 678, 3000
11/14/11, 680, 682, 680, 682, 101000
11/11/11, 674, 674, 674, 674, 500
11/10/11, 682, 682, 672, 672, 2000
11/09/11, 687, 688, 687, 688, 2500
11/08/11, 680, 680, 680, 680, 500
11/07/11, 680, 680, 680, 680, 2500
11/04/11, 680, 680, 677, 677, 5000
11/03/11, 670, 670, 663, 663, 5000
11/02/11, 655, 675, 655, 675, 10000
11/01/11, 675, 675, 665, 665, 5000
10/31/11, 676, 680, 676, 680, 2500
10/28/11, 685, 686, 685, 685, 31000
10/27/11, 670, 680, 670, 680, 108500
10/26/11, 665, 665, 665, 665, 1000
10/19/11, 650, 650, 650, 650, 50000
10/14/11, 650, 650, 650, 650, 49500
10/13/11, 650, 650, 650, 650, 500
10/12/11, 630, 645, 630, 645, 51000
10/11/11, 610, 630, 610, 630, 12500
10/06/11, 600, 600, 600, 600, 25000
10/04/11, 560, 660, 560, 560, 51500
10/03/11, 560, 560, 560, 560, 25000
09/30/11, 590, 700, 590, 700, 83500
08/26/11, 670, 680, 670, 680, 15500
08/19/11, 650, 650, 650, 650, 500
08/16/11, 650, 650, 650, 650, 2500
08/05/11, 650, 650, 650, 650, 10000
08/01/11, 650, 650, 650, 650, 5500
07/29/11, 689, 725, 689, 725, 20500
07/25/11, 650, 650, 650, 650, 25000
07/22/11, 650, 650, 650, 650, 7500
06/30/11, 622, 695, 622, 695, 102000
06/16/11, 620, 620, 620, 620, 5000
05/31/11, 620, 680, 620, 680, 83500
05/27/11, 620, 620, 620, 620, 500
05/26/11, 611, 611, 611, 611, 500
05/25/11, 605, 644, 595, 644, 2000
05/20/11, 610, 610, 610, 610, 500
05/19/11, 612, 650, 612, 650, 1000
05/18/11, 635, 635, 620, 620, 1500
05/16/11, 635, 635, 635, 635, 14500
05/13/11, 650, 650, 650, 650, 1000
05/05/11, 645, 655, 645, 655, 5500
05/04/11, 655, 655, 655, 655, 500
05/02/11, 670, 670, 650, 655, 29000
04/29/11, 650, 680, 650, 680, 4000
04/13/11, 630, 660, 630, 660, 32500
04/12/11, 659, 660, 640, 660, 12000
03/31/11, 630, 655, 630, 655, 18000
03/29/11, 620, 625, 620, 625, 1000
03/28/11, 625, 640, 625, 640, 2000
03/25/11, 620, 630, 620, 630, 5500
03/09/11, 610, 620, 580, 620, 6000
03/07/11, 600, 600, 600, 600, 65000
03/04/11, 600, 600, 591, 591, 9500
02/08/11, 600, 600, 600, 600, 2500
02/04/11, 620, 620, 600, 600, 5500
01/28/11, 625, 625, 620, 620, 1000
01/27/11, 602, 602, 602, 602, 2000
01/24/11, 591, 591, 591, 591, 1000
01/21/11, 590, 590, 590, 590, 1000
01/06/11, 625, 650, 621, 650, 43500
01/05/11, 625, 650, 625, 650, 32000
01/04/11, 620, 660, 620, 660, 50000
12/30/10, 659, 660, 659, 660, 1000
12/29/10, 640, 657, 615, 657, 96500
12/27/10, 640, 640, 630, 640, 13500
12/23/10, 630, 630, 630, 630, 500
12/22/10, 630, 630, 630, 630, 1000
12/21/10, 619, 619, 619, 619, 1000
12/16/10, 601, 616, 601, 616, 31500
12/14/10, 628, 628, 605, 615, 103000
12/13/10, 605, 629, 600, 629, 292500
12/10/10, 600, 630, 600, 629, 118000
12/09/10, 610, 638, 600, 630, 790500
12/08/10, 605, 650, 605, 650, 196000
12/06/10, 605, 660, 600, 660, 225000
12/03/10, 610, 620, 601, 619, 46000
12/02/10, 600, 628, 600, 620, 54000
12/01/10, 600, 630, 600, 630, 28500
11/30/10, 611, 640, 600, 600, 68500
11/24/10, 630, 660, 630, 660, 3000
11/22/10, 620, 670, 620, 670, 104000
11/18/10, 650, 650, 650, 650, 5000
11/15/10, 660, 660, 660, 660, 500
11/12/10, 611, 670, 611, 670, 44500
11/10/10, 650, 670, 650, 670, 47500
11/09/10, 650, 670, 610, 670, 358500
11/08/10, 652, 670, 651, 670, 186500
11/05/10, 670, 670, 650, 670, 68500
11/04/10, 600, 665, 600, 665, 150000
11/03/10, 670, 670, 670, 670, 1000
11/02/10, 600, 670, 600, 670, 52000
11/01/10, 600, 670, 600, 670, 41000
10/29/10, 610, 670, 600, 670, 507000
10/27/10, 590, 600, 590, 600, 45500
10/26/10, 575, 580, 575, 580, 51000
10/25/10, 550, 575, 550, 575, 62000
10/22/10, 555, 555, 555, 555, 1000
10/21/10, 510, 510, 510, 510, 2500
10/14/10, 520, 550, 520, 550, 70000
10/13/10, 520, 521, 520, 521, 16500
10/12/10, 530, 540, 520, 540, 58000
10/11/10, 550, 550, 530, 540, 109000
10/08/10, 525, 530, 520, 530, 16500
10/06/10, 531, 531, 530, 530, 50000
10/04/10, 530, 550, 530, 550, 103000
10/01/10, 530, 550, 530, 550, 86000
09/30/10, 530, 550, 530, 550, 93500
09/29/10, 510, 530, 510, 530, 28500
09/28/10, 530, 530, 516, 516, 26000
09/22/10, 515, 515, 515, 515, 1000
09/20/10, 515, 530, 515, 530, 4500
09/17/10, 530, 550, 530, 550, 29000
09/16/10, 505, 530, 505, 530, 26000
09/15/10, 500, 530, 500, 530, 119500
09/06/10, 500, 510, 500, 510, 6000
08/26/10, 520, 520, 519, 519, 2000
08/23/10, 500, 500, 500, 500, 15000
08/06/10, 520, 520, 510, 520, 50000
08/05/10, 520, 520, 520, 520, 500
08/04/10, 520, 520, 520, 520, 500
07/28/10, 540, 540, 540, 540, 500
07/23/10, 510, 530, 510, 530, 4500
07/22/10, 520, 520, 510, 520, 40500
07/20/10, 520, 560, 520, 540, 16000
07/19/10, 530, 540, 530, 540, 5500
07/15/10, 540, 540, 540, 540, 500
07/14/10, 530, 540, 530, 540, 1500
07/13/10, 530, 540, 530, 540, 1000
07/06/10, 500, 520, 500, 520, 5500
06/29/10, 540, 540, 530, 530, 1000
06/25/10, 500, 530, 500, 530, 2000
06/24/10, 510, 530, 510, 530, 5500
06/23/10, 500, 520, 500, 520, 18000
06/22/10, 530, 530, 530, 530, 500
06/21/10, 500, 510, 500, 510, 755000
06/18/10, 570, 570, 510, 510, 5500
06/15/10, 500, 510, 500, 510, 16500
06/04/10, 500, 530, 500, 530, 26500
06/03/10, 530, 530, 530, 530, 500
05/31/10, 520, 520, 500, 520, 5000
05/24/10, 500, 500, 490, 500, 4000
05/20/10, 500, 500, 475, 500, 47500
05/19/10, 520, 520, 500, 500, 32000
05/18/10, 500, 530, 500, 530, 37500
05/17/10, 490, 519, 490, 519, 5500
05/14/10, 500, 540, 500, 540, 55500
05/11/10, 540, 540, 540, 540, 500
05/10/10, 530, 530, 530, 530, 500
05/05/10, 520, 520, 520, 520, 1000
05/04/10, 530, 540, 530, 540, 1000
05/03/10, 500, 530, 500, 530, 6500
04/29/10, 505, 528, 505, 528, 8000
04/28/10, 510, 510, 500, 505, 1222000
04/27/10, 500, 550, 500, 540, 82000
04/26/10, 500, 540, 500, 540, 31000
04/21/10, 500, 570, 500, 570, 56000
04/16/10, 500, 540, 470, 540, 44000
04/15/10, 500, 540, 500, 540, 6000
04/08/10, 500, 530, 500, 530, 13500
04/07/10, 550, 550, 550, 550, 10000
04/06/10, 550, 550, 530, 550, 138500
04/05/10, 520, 520, 520, 520, 3000
03/29/10, 520, 520, 520, 520, 1500
03/24/10, 520, 520, 520, 520, 9500
03/19/10, 520, 520, 520, 520, 2000
03/15/10, 520, 520, 520, 520, 4000
03/10/10, 520, 520, 520, 520, 26500
03/09/10, 510, 520, 510, 520, 74000
03/08/10, 503, 503, 503, 503, 3000
03/05/10, 502, 502, 502, 502, 25000
03/04/10, 500, 500, 500, 500, 16500
03/02/10, 500, 500, 500, 500, 40000
02/25/10, 500, 505, 500, 505, 10000
02/24/10, 495, 495, 495, 495, 500
01/28/10, 500, 520, 500, 520, 43500
01/26/10, 510, 510, 505, 505, 135000
01/25/10, 510, 510, 510, 510, 500
01/21/10, 520, 520, 520, 520, 2500
01/20/10, 520, 520, 520, 520, 34500
01/19/10, 520, 520, 520, 520, 61500
01/15/10, 520, 520, 520, 520, 25000
01/14/10, 520, 520, 520, 520, 10000
01/13/10, 510, 510, 510, 510, 3500
01/12/10, 520, 520, 520, 520, 28500
01/11/10, 510, 510, 510, 510, 33500
01/08/10, 510, 510, 510, 510, 35500
01/05/10, 510, 510, 510, 510, 500
01/04/10, 490, 505, 490, 505, 151500
12/30/09, 495, 495, 495, 495, 1000
12/16/09, 480, 480, 480, 480, 3500
12/08/09, 490, 490, 490, 490, 500
12/07/09, 485, 485, 485, 485, 7000
12/04/09, 495, 495, 495, 495, 500
12/03/09, 485, 495, 485, 495, 15500
12/02/09, 480, 485, 470, 485, 46500
12/01/09, 475, 480, 475, 480, 5500
11/30/09, 475, 475, 475, 475, 500